2025-02-12T07:37:51.167-06:00  WARN 35244 --- [messageFlowProcessor] [HikariPool-15 housekeeper] com.zaxxer.hikari.pool.HikariPool        : HikariPool-15 - Thread starvation or clock leap detected (housekeeper delta=8h30m10s669ms497µs200ns).
2025-02-12T09:43:58.025-06:00  WARN 35244 --- [messageFlowProcessor] [HikariPool-15 housekeeper] com.zaxxer.hikari.pool.HikariPool        : HikariPool-15 - Thread starvation or clock leap detected (housekeeper delta=1h57m36s695ms129µs801ns).
2025-02-12T09:52:11.487-06:00 DEBUG 35244 --- [messageFlowProcessor] [File Watcher] o.a.camel.spring.SpringCamelContext      : onApplicationEvent: [ClassPathChangedEvent@2bf8624d changeSet = set[C:\Miracle Software Systems\Task2\messageFlowProcessor\target\classes [C:\Miracle Software Systems\Task2\messageFlowProcessor\target\classes\com\example\messageFlowProcessor\adapter\InboundAdapter.class (MODIFY)]], restartRequired = true]
2025-02-12T09:52:11.488-06:00  INFO 35244 --- [messageFlowProcessor] [File Watcher] rtingClassPathChangeChangedEventListener : Restarting due to 1 class path change (0 additions, 0 deletions, 1 modification)
2025-02-12T09:52:11.490-06:00 DEBUG 35244 --- [messageFlowProcessor] [Thread-87] o.a.camel.spring.SpringCamelContext      : onApplicationEvent: org.springframework.boot.availability.AvailabilityChangeEvent[source=org.springframework.boot.web.servlet.context.AnnotationConfigServletWebServerApplicationContext@31b7a46f, started on Tue Feb 11 22:33:00 CST 2025]
2025-02-12T09:52:11.490-06:00 DEBUG 35244 --- [messageFlowProcessor] [Thread-87] o.a.camel.spring.SpringCamelContext      : onApplicationEvent: org.springframework.context.event.ContextClosedEvent[source=org.springframework.boot.web.servlet.context.AnnotationConfigServletWebServerApplicationContext@31b7a46f, started on Tue Feb 11 22:33:00 CST 2025]
2025-02-12T09:52:11.491-06:00  INFO 35244 --- [messageFlowProcessor] [Thread-87] o.s.b.w.e.tomcat.GracefulShutdown        : Commencing graceful shutdown. Waiting for active requests to complete
2025-02-12T09:52:11.570-06:00  INFO 35244 --- [messageFlowProcessor] [tomcat-shutdown] o.s.b.w.e.tomcat.GracefulShutdown        : Graceful shutdown complete
2025-02-12T09:52:11.572-06:00  INFO 35244 --- [messageFlowProcessor] [Thread-87] o.a.c.impl.engine.AbstractCamelContext   : Apache Camel 4.8.0 (camel-15) is shutting down (timeout:45s)
2025-02-12T09:52:11.572-06:00 DEBUG 35244 --- [messageFlowProcessor] [Thread-87] o.a.c.i.engine.DefaultShutdownStrategy   : Starting to graceful shutdown 11 routes (timeout 45 seconds)
2025-02-12T09:52:11.572-06:00 DEBUG 35244 --- [messageFlowProcessor] [Thread-87] o.a.c.i.e.BaseExecutorServiceManager     : Created new ThreadPool for source: org.apache.camel.impl.engine.DefaultShutdownStrategy@7794bbea with name: ShutdownTask. -> org.apache.camel.util.concurrent.RejectableThreadPoolExecutor@79535ab0[Running, pool size = 0, active threads = 0, queued tasks = 0, completed tasks = 0][ShutdownTask]
2025-02-12T09:52:11.573-06:00 DEBUG 35244 --- [messageFlowProcessor] [Camel (camel-15) thread #182 - ShutdownTask] o.a.c.i.engine.DefaultShutdownStrategy   : There are 11 routes to shutdown
2025-02-12T09:52:11.573-06:00 DEBUG 35244 --- [messageFlowProcessor] [Camel (camel-15) thread #182 - ShutdownTask] c.c.j.DefaultJmsMessageListenerContainer : Stopping listenerContainer: org.apache.camel.component.jms.DefaultJmsMessageListenerContainer@5ce8f41 with cacheLevel: 3 and sharedConnectionEnabled: true
2025-02-12T09:52:11.573-06:00 DEBUG 35244 --- [messageFlowProcessor] [Camel (camel-15) thread #182 - ShutdownTask] c.c.j.DefaultJmsMessageListenerContainer : Stopping shared connection on listenerContainer: org.apache.camel.component.jms.DefaultJmsMessageListenerContainer@5ce8f41
2025-02-12T09:52:11.573-06:00 DEBUG 35244 --- [messageFlowProcessor] [Camel (camel-15) thread #182 - ShutdownTask] o.a.c.i.engine.DefaultShutdownStrategy   : Route: route167 suspended and shutdown deferred, was consuming from: activemq://shoeProcessFlow.in
2025-02-12T09:52:11.573-06:00 DEBUG 35244 --- [messageFlowProcessor] [Camel (camel-15) thread #182 - ShutdownTask] c.c.j.DefaultJmsMessageListenerContainer : Stopping listenerContainer: org.apache.camel.component.jms.DefaultJmsMessageListenerContainer@4c54088c with cacheLevel: 3 and sharedConnectionEnabled: true
2025-02-12T09:52:11.573-06:00 DEBUG 35244 --- [messageFlowProcessor] [Camel (camel-15) thread #182 - ShutdownTask] c.c.j.DefaultJmsMessageListenerContainer : Stopping shared connection on listenerContainer: org.apache.camel.component.jms.DefaultJmsMessageListenerContainer@4c54088c
2025-02-12T09:52:11.573-06:00 DEBUG 35244 --- [messageFlowProcessor] [Camel (camel-15) thread #182 - ShutdownTask] o.a.c.i.engine.DefaultShutdownStrategy   : Route: route166 suspended and shutdown deferred, was consuming from: activemq://kidsToysProcessFlow.in
2025-02-12T09:52:11.573-06:00 DEBUG 35244 --- [messageFlowProcessor] [Camel (camel-15) thread #182 - ShutdownTask] c.c.j.DefaultJmsMessageListenerContainer : Stopping listenerContainer: org.apache.camel.component.jms.DefaultJmsMessageListenerContainer@3b9f4fd5 with cacheLevel: 3 and sharedConnectionEnabled: true
2025-02-12T09:52:11.573-06:00 DEBUG 35244 --- [messageFlowProcessor] [Camel (camel-15) thread #182 - ShutdownTask] c.c.j.DefaultJmsMessageListenerContainer : Stopping shared connection on listenerContainer: org.apache.camel.component.jms.DefaultJmsMessageListenerContainer@3b9f4fd5
2025-02-12T09:52:11.573-06:00 DEBUG 35244 --- [messageFlowProcessor] [Camel (camel-15) thread #182 - ShutdownTask] o.a.c.i.engine.DefaultShutdownStrategy   : Route: route165 suspended and shutdown deferred, was consuming from: activemq://jewelryProcessFlow.in
2025-02-12T09:52:11.573-06:00 DEBUG 35244 --- [messageFlowProcessor] [Camel (camel-15) thread #182 - ShutdownTask] c.c.j.DefaultJmsMessageListenerContainer : Stopping listenerContainer: org.apache.camel.component.jms.DefaultJmsMessageListenerContainer@6e4a9bd1 with cacheLevel: 3 and sharedConnectionEnabled: true
2025-02-12T09:52:11.573-06:00 DEBUG 35244 --- [messageFlowProcessor] [Camel (camel-15) thread #182 - ShutdownTask] c.c.j.DefaultJmsMessageListenerContainer : Stopping shared connection on listenerContainer: org.apache.camel.component.jms.DefaultJmsMessageListenerContainer@6e4a9bd1
2025-02-12T09:52:11.573-06:00 DEBUG 35244 --- [messageFlowProcessor] [Camel (camel-15) thread #182 - ShutdownTask] o.a.c.i.engine.DefaultShutdownStrategy   : Route: route164 suspended and shutdown deferred, was consuming from: activemq://groceriesProcessFlow.in
2025-02-12T09:52:11.573-06:00 DEBUG 35244 --- [messageFlowProcessor] [Camel (camel-15) thread #182 - ShutdownTask] c.c.j.DefaultJmsMessageListenerContainer : Stopping listenerContainer: org.apache.camel.component.jms.DefaultJmsMessageListenerContainer@4f59825f with cacheLevel: 3 and sharedConnectionEnabled: true
2025-02-12T09:52:11.573-06:00 DEBUG 35244 --- [messageFlowProcessor] [Camel (camel-15) thread #182 - ShutdownTask] c.c.j.DefaultJmsMessageListenerContainer : Stopping shared connection on listenerContainer: org.apache.camel.component.jms.DefaultJmsMessageListenerContainer@4f59825f
2025-02-12T09:52:11.573-06:00 DEBUG 35244 --- [messageFlowProcessor] [Camel (camel-15) thread #182 - ShutdownTask] o.a.c.i.engine.DefaultShutdownStrategy   : Route: route163 suspended and shutdown deferred, was consuming from: activemq://actionFigureToysProcessFlow.in
2025-02-12T09:52:11.573-06:00 DEBUG 35244 --- [messageFlowProcessor] [Camel (camel-15) thread #182 - ShutdownTask] c.c.j.DefaultJmsMessageListenerContainer : Stopping listenerContainer: org.apache.camel.component.jms.DefaultJmsMessageListenerContainer@390c2ce4 with cacheLevel: 3 and sharedConnectionEnabled: true
2025-02-12T09:52:11.573-06:00 DEBUG 35244 --- [messageFlowProcessor] [Camel (camel-15) thread #182 - ShutdownTask] c.c.j.DefaultJmsMessageListenerContainer : Stopping shared connection on listenerContainer: org.apache.camel.component.jms.DefaultJmsMessageListenerContainer@390c2ce4
2025-02-12T09:52:11.573-06:00 DEBUG 35244 --- [messageFlowProcessor] [Camel (camel-15) thread #182 - ShutdownTask] o.a.c.i.engine.DefaultShutdownStrategy   : Route: route162 suspended and shutdown deferred, was consuming from: activemq://transform.in
2025-02-12T09:52:11.573-06:00 DEBUG 35244 --- [messageFlowProcessor] [Camel (camel-15) thread #182 - ShutdownTask] c.c.j.DefaultJmsMessageListenerContainer : Stopping listenerContainer: org.apache.camel.component.jms.DefaultJmsMessageListenerContainer@3598252c with cacheLevel: 3 and sharedConnectionEnabled: true
2025-02-12T09:52:11.573-06:00 DEBUG 35244 --- [messageFlowProcessor] [Camel (camel-15) thread #182 - ShutdownTask] c.c.j.DefaultJmsMessageListenerContainer : Stopping shared connection on listenerContainer: org.apache.camel.component.jms.DefaultJmsMessageListenerContainer@3598252c
2025-02-12T09:52:11.573-06:00 DEBUG 35244 --- [messageFlowProcessor] [Camel (camel-15) thread #182 - ShutdownTask] o.a.c.i.engine.DefaultShutdownStrategy   : Route: route161 suspended and shutdown deferred, was consuming from: activemq://outbound.in
2025-02-12T09:52:11.573-06:00 DEBUG 35244 --- [messageFlowProcessor] [Camel (camel-15) thread #182 - ShutdownTask] c.c.j.DefaultJmsMessageListenerContainer : Stopping listenerContainer: org.apache.camel.component.jms.DefaultJmsMessageListenerContainer@3be56883 with cacheLevel: 3 and sharedConnectionEnabled: true
2025-02-12T09:52:11.573-06:00 DEBUG 35244 --- [messageFlowProcessor] [Camel (camel-15) thread #182 - ShutdownTask] c.c.j.DefaultJmsMessageListenerContainer : Stopping shared connection on listenerContainer: org.apache.camel.component.jms.DefaultJmsMessageListenerContainer@3be56883
2025-02-12T09:52:11.573-06:00 DEBUG 35244 --- [messageFlowProcessor] [Camel (camel-15) thread #182 - ShutdownTask] o.a.c.i.engine.DefaultShutdownStrategy   : Route: route160 suspended and shutdown deferred, was consuming from: activemq://sc2.MX.2.in
2025-02-12T09:52:11.573-06:00 DEBUG 35244 --- [messageFlowProcessor] [Camel (camel-15) thread #182 - ShutdownTask] c.c.j.DefaultJmsMessageListenerContainer : Stopping listenerContainer: org.apache.camel.component.jms.DefaultJmsMessageListenerContainer@34d538ba with cacheLevel: 3 and sharedConnectionEnabled: true
2025-02-12T09:52:11.573-06:00 DEBUG 35244 --- [messageFlowProcessor] [Camel (camel-15) thread #182 - ShutdownTask] c.c.j.DefaultJmsMessageListenerContainer : Stopping shared connection on listenerContainer: org.apache.camel.component.jms.DefaultJmsMessageListenerContainer@34d538ba
2025-02-12T09:52:11.573-06:00 DEBUG 35244 --- [messageFlowProcessor] [Camel (camel-15) thread #182 - ShutdownTask] o.a.c.i.engine.DefaultShutdownStrategy   : Route: route159 suspended and shutdown deferred, was consuming from: activemq://sc1.US.1.in
2025-02-12T09:52:11.574-06:00 DEBUG 35244 --- [messageFlowProcessor] [Camel (camel-15) thread #182 - ShutdownTask] c.c.j.DefaultJmsMessageListenerContainer : Stopping listenerContainer: org.apache.camel.component.jms.DefaultJmsMessageListenerContainer@5a7ffb34 with cacheLevel: 3 and sharedConnectionEnabled: true
2025-02-12T09:52:11.574-06:00 DEBUG 35244 --- [messageFlowProcessor] [Camel (camel-15) thread #182 - ShutdownTask] c.c.j.DefaultJmsMessageListenerContainer : Stopping shared connection on listenerContainer: org.apache.camel.component.jms.DefaultJmsMessageListenerContainer@5a7ffb34
2025-02-12T09:52:11.574-06:00 DEBUG 35244 --- [messageFlowProcessor] [Camel (camel-15) thread #182 - ShutdownTask] o.a.c.i.engine.DefaultShutdownStrategy   : Route: route158 suspended and shutdown deferred, was consuming from: activemq://exit.in
2025-02-12T09:52:11.574-06:00 DEBUG 35244 --- [messageFlowProcessor] [Camel (camel-15) thread #182 - ShutdownTask] c.c.j.DefaultJmsMessageListenerContainer : Stopping listenerContainer: org.apache.camel.component.jms.DefaultJmsMessageListenerContainer@3e2ff996 with cacheLevel: 3 and sharedConnectionEnabled: true
2025-02-12T09:52:11.574-06:00 DEBUG 35244 --- [messageFlowProcessor] [Camel (camel-15) thread #182 - ShutdownTask] c.c.j.DefaultJmsMessageListenerContainer : Stopping shared connection on listenerContainer: org.apache.camel.component.jms.DefaultJmsMessageListenerContainer@3e2ff996
2025-02-12T09:52:11.574-06:00 DEBUG 35244 --- [messageFlowProcessor] [Camel (camel-15) thread #182 - ShutdownTask] o.a.c.i.engine.DefaultShutdownStrategy   : Route: route157 suspended and shutdown deferred, was consuming from: activemq://entry.in
2025-02-12T09:52:11.574-06:00 DEBUG 35244 --- [messageFlowProcessor] [Camel (camel-15) thread #182 - ShutdownTask] c.c.j.DefaultJmsMessageListenerContainer : Stopping listenerContainer: org.apache.camel.component.jms.DefaultJmsMessageListenerContainer@5ce8f41 with cacheLevel: 3 and sharedConnectionEnabled: true
2025-02-12T09:52:11.574-06:00 DEBUG 35244 --- [messageFlowProcessor] [Camel (camel-15) thread #182 - ShutdownTask] c.c.j.DefaultJmsMessageListenerContainer : Stopping shared connection on listenerContainer: org.apache.camel.component.jms.DefaultJmsMessageListenerContainer@5ce8f41
2025-02-12T09:52:11.574-06:00 DEBUG 35244 --- [messageFlowProcessor] [Camel (camel-15) thread #182 - ShutdownTask] c.c.j.DefaultJmsMessageListenerContainer : Destroying listenerContainer: org.apache.camel.component.jms.DefaultJmsMessageListenerContainer@5ce8f41 with cacheLevel: 3 and sharedConnectionEnabled: true
2025-02-12T09:52:11.574-06:00 DEBUG 35244 --- [messageFlowProcessor] [Camel (camel-15) thread #182 - ShutdownTask] c.c.j.DefaultJmsMessageListenerContainer : Shutting down JMS listener container
2025-02-12T09:52:11.574-06:00 DEBUG 35244 --- [messageFlowProcessor] [Camel (camel-15) thread #182 - ShutdownTask] c.c.j.DefaultJmsMessageListenerContainer : Waiting for shutdown of message listener invokers
2025-02-12T09:52:11.574-06:00 DEBUG 35244 --- [messageFlowProcessor] [Camel (camel-15) thread #182 - ShutdownTask] c.c.j.DefaultJmsMessageListenerContainer : Still waiting for shutdown of 1 message listener invokers (iteration 0)
2025-02-12T09:52:11.817-06:00 DEBUG 35244 --- [messageFlowProcessor] [Camel (camel-15) thread #181 - JmsConsumer[shoeProcessFlow.in]] c.c.j.DefaultJmsMessageListenerContainer : Lowered scheduled invoker count: 0
2025-02-12T09:52:11.817-06:00 DEBUG 35244 --- [messageFlowProcessor] [Camel (camel-15) thread #182 - ShutdownTask] o.a.c.i.e.BaseExecutorServiceManager     : Forcing shutdown of ExecutorService: java.util.concurrent.ThreadPoolExecutor@40ef7737[Running, pool size = 1, active threads = 0, queued tasks = 0, completed tasks = 1]
2025-02-12T09:52:11.817-06:00 DEBUG 35244 --- [messageFlowProcessor] [Camel (camel-15) thread #182 - ShutdownTask] o.apache.camel.support.DefaultConsumer   : Stopping consumer: Consumer[activemq://shoeProcessFlow.in]
2025-02-12T09:52:11.817-06:00 DEBUG 35244 --- [messageFlowProcessor] [Camel (camel-15) thread #182 - ShutdownTask] o.apache.camel.support.DefaultProducer   : Stopping producer: Producer[activemq://exit.in]
2025-02-12T09:52:11.817-06:00 DEBUG 35244 --- [messageFlowProcessor] [Camel (camel-15) thread #182 - ShutdownTask] o.apache.camel.support.DefaultProducer   : Stopping producer: Producer[activemq://outboud.in]
2025-02-12T09:52:11.817-06:00 DEBUG 35244 --- [messageFlowProcessor] [Camel (camel-15) thread #182 - ShutdownTask] o.a.c.i.engine.DefaultShutdownStrategy   : Route: route167 shutdown complete, was consuming from: activemq://shoeProcessFlow.in
2025-02-12T09:52:11.817-06:00 DEBUG 35244 --- [messageFlowProcessor] [Camel (camel-15) thread #182 - ShutdownTask] c.c.j.DefaultJmsMessageListenerContainer : Stopping listenerContainer: org.apache.camel.component.jms.DefaultJmsMessageListenerContainer@4c54088c with cacheLevel: 3 and sharedConnectionEnabled: true
2025-02-12T09:52:11.818-06:00 DEBUG 35244 --- [messageFlowProcessor] [Camel (camel-15) thread #182 - ShutdownTask] c.c.j.DefaultJmsMessageListenerContainer : Stopping shared connection on listenerContainer: org.apache.camel.component.jms.DefaultJmsMessageListenerContainer@4c54088c
2025-02-12T09:52:11.818-06:00 DEBUG 35244 --- [messageFlowProcessor] [Camel (camel-15) thread #182 - ShutdownTask] c.c.j.DefaultJmsMessageListenerContainer : Destroying listenerContainer: org.apache.camel.component.jms.DefaultJmsMessageListenerContainer@4c54088c with cacheLevel: 3 and sharedConnectionEnabled: true
2025-02-12T09:52:11.818-06:00 DEBUG 35244 --- [messageFlowProcessor] [Camel (camel-15) thread #182 - ShutdownTask] c.c.j.DefaultJmsMessageListenerContainer : Shutting down JMS listener container
2025-02-12T09:52:11.818-06:00 DEBUG 35244 --- [messageFlowProcessor] [Camel (camel-15) thread #182 - ShutdownTask] c.c.j.DefaultJmsMessageListenerContainer : Waiting for shutdown of message listener invokers
2025-02-12T09:52:11.818-06:00 DEBUG 35244 --- [messageFlowProcessor] [Camel (camel-15) thread #182 - ShutdownTask] o.a.c.i.e.BaseExecutorServiceManager     : Forcing shutdown of ExecutorService: java.util.concurrent.ThreadPoolExecutor@7856df4a[Running, pool size = 1, active threads = 1, queued tasks = 0, completed tasks = 0]
2025-02-12T09:52:11.818-06:00 DEBUG 35244 --- [messageFlowProcessor] [Camel (camel-15) thread #182 - ShutdownTask] o.apache.camel.support.DefaultConsumer   : Stopping consumer: Consumer[activemq://kidsToysProcessFlow.in]
2025-02-12T09:52:11.818-06:00 DEBUG 35244 --- [messageFlowProcessor] [Camel (camel-15) thread #182 - ShutdownTask] o.apache.camel.support.DefaultProducer   : Stopping producer: Producer[activemq://exit.in]
2025-02-12T09:52:11.818-06:00 DEBUG 35244 --- [messageFlowProcessor] [Camel (camel-15) thread #182 - ShutdownTask] o.apache.camel.support.DefaultProducer   : Stopping producer: Producer[activemq://outboud.in]
2025-02-12T09:52:11.818-06:00 DEBUG 35244 --- [messageFlowProcessor] [Camel (camel-15) thread #182 - ShutdownTask] o.a.c.i.engine.DefaultShutdownStrategy   : Route: route166 shutdown complete, was consuming from: activemq://kidsToysProcessFlow.in
2025-02-12T09:52:11.818-06:00 DEBUG 35244 --- [messageFlowProcessor] [Camel (camel-15) thread #182 - ShutdownTask] c.c.j.DefaultJmsMessageListenerContainer : Stopping listenerContainer: org.apache.camel.component.jms.DefaultJmsMessageListenerContainer@3b9f4fd5 with cacheLevel: 3 and sharedConnectionEnabled: true
2025-02-12T09:52:11.818-06:00 DEBUG 35244 --- [messageFlowProcessor] [Camel (camel-15) thread #182 - ShutdownTask] c.c.j.DefaultJmsMessageListenerContainer : Stopping shared connection on listenerContainer: org.apache.camel.component.jms.DefaultJmsMessageListenerContainer@3b9f4fd5
2025-02-12T09:52:11.818-06:00 DEBUG 35244 --- [messageFlowProcessor] [Camel (camel-15) thread #182 - ShutdownTask] c.c.j.DefaultJmsMessageListenerContainer : Destroying listenerContainer: org.apache.camel.component.jms.DefaultJmsMessageListenerContainer@3b9f4fd5 with cacheLevel: 3 and sharedConnectionEnabled: true
2025-02-12T09:52:11.818-06:00 DEBUG 35244 --- [messageFlowProcessor] [Camel (camel-15) thread #182 - ShutdownTask] c.c.j.DefaultJmsMessageListenerContainer : Shutting down JMS listener container
2025-02-12T09:52:11.818-06:00 DEBUG 35244 --- [messageFlowProcessor] [Camel (camel-15) thread #182 - ShutdownTask] c.c.j.DefaultJmsMessageListenerContainer : Waiting for shutdown of message listener invokers
2025-02-12T09:52:11.819-06:00 DEBUG 35244 --- [messageFlowProcessor] [Camel (camel-15) thread #180 - JmsConsumer[kidsToysProcessFlow.in]] c.c.j.DefaultJmsMessageListenerContainer : Lowered scheduled invoker count: 0
2025-02-12T09:52:11.819-06:00 DEBUG 35244 --- [messageFlowProcessor] [Camel (camel-15) thread #179 - JmsConsumer[jewelryProcessFlow.in]] c.c.j.DefaultJmsMessageListenerContainer : Lowered scheduled invoker count: 0
2025-02-12T09:52:11.820-06:00 DEBUG 35244 --- [messageFlowProcessor] [Camel (camel-15) thread #182 - ShutdownTask] o.a.c.i.e.BaseExecutorServiceManager     : Forcing shutdown of ExecutorService: java.util.concurrent.ThreadPoolExecutor@2de4b994[Running, pool size = 1, active threads = 0, queued tasks = 0, completed tasks = 1]
2025-02-12T09:52:11.820-06:00 DEBUG 35244 --- [messageFlowProcessor] [Camel (camel-15) thread #182 - ShutdownTask] o.apache.camel.support.DefaultConsumer   : Stopping consumer: Consumer[activemq://jewelryProcessFlow.in]
2025-02-12T09:52:11.820-06:00 DEBUG 35244 --- [messageFlowProcessor] [Camel (camel-15) thread #182 - ShutdownTask] o.apache.camel.support.DefaultProducer   : Stopping producer: Producer[activemq://exit.in]
2025-02-12T09:52:11.820-06:00 DEBUG 35244 --- [messageFlowProcessor] [Camel (camel-15) thread #182 - ShutdownTask] o.apache.camel.support.DefaultProducer   : Stopping producer: Producer[activemq://outboud.in]
2025-02-12T09:52:11.820-06:00 DEBUG 35244 --- [messageFlowProcessor] [Camel (camel-15) thread #182 - ShutdownTask] o.a.c.i.engine.DefaultShutdownStrategy   : Route: route165 shutdown complete, was consuming from: activemq://jewelryProcessFlow.in
2025-02-12T09:52:11.820-06:00 DEBUG 35244 --- [messageFlowProcessor] [Camel (camel-15) thread #182 - ShutdownTask] c.c.j.DefaultJmsMessageListenerContainer : Stopping listenerContainer: org.apache.camel.component.jms.DefaultJmsMessageListenerContainer@6e4a9bd1 with cacheLevel: 3 and sharedConnectionEnabled: true
2025-02-12T09:52:11.820-06:00 DEBUG 35244 --- [messageFlowProcessor] [Camel (camel-15) thread #182 - ShutdownTask] c.c.j.DefaultJmsMessageListenerContainer : Stopping shared connection on listenerContainer: org.apache.camel.component.jms.DefaultJmsMessageListenerContainer@6e4a9bd1
2025-02-12T09:52:11.820-06:00 DEBUG 35244 --- [messageFlowProcessor] [Camel (camel-15) thread #182 - ShutdownTask] c.c.j.DefaultJmsMessageListenerContainer : Destroying listenerContainer: org.apache.camel.component.jms.DefaultJmsMessageListenerContainer@6e4a9bd1 with cacheLevel: 3 and sharedConnectionEnabled: true
2025-02-12T09:52:11.820-06:00 DEBUG 35244 --- [messageFlowProcessor] [Camel (camel-15) thread #182 - ShutdownTask] c.c.j.DefaultJmsMessageListenerContainer : Shutting down JMS listener container
2025-02-12T09:52:11.820-06:00 DEBUG 35244 --- [messageFlowProcessor] [Camel (camel-15) thread #182 - ShutdownTask] c.c.j.DefaultJmsMessageListenerContainer : Waiting for shutdown of message listener invokers
2025-02-12T09:52:11.820-06:00 DEBUG 35244 --- [messageFlowProcessor] [Camel (camel-15) thread #182 - ShutdownTask] o.a.c.i.e.BaseExecutorServiceManager     : Forcing shutdown of ExecutorService: java.util.concurrent.ThreadPoolExecutor@b24e576[Running, pool size = 1, active threads = 1, queued tasks = 0, completed tasks = 0]
2025-02-12T09:52:11.820-06:00 DEBUG 35244 --- [messageFlowProcessor] [Camel (camel-15) thread #182 - ShutdownTask] o.apache.camel.support.DefaultConsumer   : Stopping consumer: Consumer[activemq://groceriesProcessFlow.in]
2025-02-12T09:52:11.820-06:00 DEBUG 35244 --- [messageFlowProcessor] [Camel (camel-15) thread #178 - JmsConsumer[groceriesProcessFlow.in]] c.c.j.DefaultJmsMessageListenerContainer : Lowered scheduled invoker count: 0
2025-02-12T09:52:11.820-06:00 DEBUG 35244 --- [messageFlowProcessor] [Camel (camel-15) thread #182 - ShutdownTask] o.apache.camel.support.DefaultProducer   : Stopping producer: Producer[activemq://exit.in]
2025-02-12T09:52:11.820-06:00 DEBUG 35244 --- [messageFlowProcessor] [Camel (camel-15) thread #182 - ShutdownTask] o.apache.camel.support.DefaultProducer   : Stopping producer: Producer[activemq://outboud.in]
2025-02-12T09:52:11.820-06:00 DEBUG 35244 --- [messageFlowProcessor] [Camel (camel-15) thread #182 - ShutdownTask] o.a.c.i.engine.DefaultShutdownStrategy   : Route: route164 shutdown complete, was consuming from: activemq://groceriesProcessFlow.in
2025-02-12T09:52:11.820-06:00 DEBUG 35244 --- [messageFlowProcessor] [Camel (camel-15) thread #182 - ShutdownTask] c.c.j.DefaultJmsMessageListenerContainer : Stopping listenerContainer: org.apache.camel.component.jms.DefaultJmsMessageListenerContainer@4f59825f with cacheLevel: 3 and sharedConnectionEnabled: true
2025-02-12T09:52:11.820-06:00 DEBUG 35244 --- [messageFlowProcessor] [Camel (camel-15) thread #182 - ShutdownTask] c.c.j.DefaultJmsMessageListenerContainer : Stopping shared connection on listenerContainer: org.apache.camel.component.jms.DefaultJmsMessageListenerContainer@4f59825f
2025-02-12T09:52:11.821-06:00 DEBUG 35244 --- [messageFlowProcessor] [Camel (camel-15) thread #182 - ShutdownTask] c.c.j.DefaultJmsMessageListenerContainer : Destroying listenerContainer: org.apache.camel.component.jms.DefaultJmsMessageListenerContainer@4f59825f with cacheLevel: 3 and sharedConnectionEnabled: true
2025-02-12T09:52:11.821-06:00 DEBUG 35244 --- [messageFlowProcessor] [Camel (camel-15) thread #182 - ShutdownTask] c.c.j.DefaultJmsMessageListenerContainer : Shutting down JMS listener container
2025-02-12T09:52:11.821-06:00 DEBUG 35244 --- [messageFlowProcessor] [Camel (camel-15) thread #182 - ShutdownTask] c.c.j.DefaultJmsMessageListenerContainer : Waiting for shutdown of message listener invokers
2025-02-12T09:52:11.821-06:00 DEBUG 35244 --- [messageFlowProcessor] [Camel (camel-15) thread #182 - ShutdownTask] o.a.c.i.e.BaseExecutorServiceManager     : Forcing shutdown of ExecutorService: java.util.concurrent.ThreadPoolExecutor@65570f6c[Running, pool size = 1, active threads = 1, queued tasks = 0, completed tasks = 0]
2025-02-12T09:52:11.821-06:00 DEBUG 35244 --- [messageFlowProcessor] [Camel (camel-15) thread #177 - JmsConsumer[actionFigureToysProcessFlow.in]] c.c.j.DefaultJmsMessageListenerContainer : Lowered scheduled invoker count: 0
2025-02-12T09:52:11.821-06:00 DEBUG 35244 --- [messageFlowProcessor] [Camel (camel-15) thread #182 - ShutdownTask] o.apache.camel.support.DefaultConsumer   : Stopping consumer: Consumer[activemq://actionFigureToysProcessFlow.in]
2025-02-12T09:52:11.821-06:00 DEBUG 35244 --- [messageFlowProcessor] [Camel (camel-15) thread #182 - ShutdownTask] o.apache.camel.support.DefaultProducer   : Stopping producer: Producer[activemq://exit.in]
2025-02-12T09:52:11.821-06:00 DEBUG 35244 --- [messageFlowProcessor] [Camel (camel-15) thread #182 - ShutdownTask] o.apache.camel.support.DefaultProducer   : Stopping producer: Producer[activemq://outboud.in]
2025-02-12T09:52:11.821-06:00 DEBUG 35244 --- [messageFlowProcessor] [Camel (camel-15) thread #182 - ShutdownTask] o.a.c.i.engine.DefaultShutdownStrategy   : Route: route163 shutdown complete, was consuming from: activemq://actionFigureToysProcessFlow.in
2025-02-12T09:52:11.821-06:00 DEBUG 35244 --- [messageFlowProcessor] [Camel (camel-15) thread #182 - ShutdownTask] c.c.j.DefaultJmsMessageListenerContainer : Stopping listenerContainer: org.apache.camel.component.jms.DefaultJmsMessageListenerContainer@390c2ce4 with cacheLevel: 3 and sharedConnectionEnabled: true
2025-02-12T09:52:11.822-06:00 DEBUG 35244 --- [messageFlowProcessor] [Camel (camel-15) thread #182 - ShutdownTask] c.c.j.DefaultJmsMessageListenerContainer : Stopping shared connection on listenerContainer: org.apache.camel.component.jms.DefaultJmsMessageListenerContainer@390c2ce4
2025-02-12T09:52:11.822-06:00 DEBUG 35244 --- [messageFlowProcessor] [Camel (camel-15) thread #182 - ShutdownTask] c.c.j.DefaultJmsMessageListenerContainer : Destroying listenerContainer: org.apache.camel.component.jms.DefaultJmsMessageListenerContainer@390c2ce4 with cacheLevel: 3 and sharedConnectionEnabled: true
2025-02-12T09:52:11.822-06:00 DEBUG 35244 --- [messageFlowProcessor] [Camel (camel-15) thread #182 - ShutdownTask] c.c.j.DefaultJmsMessageListenerContainer : Shutting down JMS listener container
2025-02-12T09:52:11.822-06:00 DEBUG 35244 --- [messageFlowProcessor] [Camel (camel-15) thread #182 - ShutdownTask] c.c.j.DefaultJmsMessageListenerContainer : Waiting for shutdown of message listener invokers
2025-02-12T09:52:11.822-06:00 DEBUG 35244 --- [messageFlowProcessor] [Camel (camel-15) thread #182 - ShutdownTask] o.a.c.i.e.BaseExecutorServiceManager     : Forcing shutdown of ExecutorService: java.util.concurrent.ThreadPoolExecutor@1db599d8[Running, pool size = 1, active threads = 1, queued tasks = 0, completed tasks = 0]
2025-02-12T09:52:11.822-06:00 DEBUG 35244 --- [messageFlowProcessor] [Camel (camel-15) thread #182 - ShutdownTask] o.apache.camel.support.DefaultConsumer   : Stopping consumer: Consumer[activemq://transform.in]
2025-02-12T09:52:11.822-06:00 DEBUG 35244 --- [messageFlowProcessor] [Camel (camel-15) thread #176 - JmsConsumer[transform.in]] c.c.j.DefaultJmsMessageListenerContainer : Lowered scheduled invoker count: 0
2025-02-12T09:52:11.822-06:00 DEBUG 35244 --- [messageFlowProcessor] [Camel (camel-15) thread #182 - ShutdownTask] o.apache.camel.support.DefaultProducer   : Stopping producer: Producer[activemq://$%7Bheader.categoryProcessFlow%7D.in]
2025-02-12T09:52:11.822-06:00 DEBUG 35244 --- [messageFlowProcessor] [Camel (camel-15) thread #182 - ShutdownTask] o.apache.camel.support.DefaultProducer   : Stopping producer: Producer[activemq://exit.in]
2025-02-12T09:52:11.823-06:00 DEBUG 35244 --- [messageFlowProcessor] [Camel (camel-15) thread #182 - ShutdownTask] o.apache.camel.support.DefaultProducer   : Stopping producer: Producer[activemq://outboud.in]
2025-02-12T09:52:11.823-06:00 DEBUG 35244 --- [messageFlowProcessor] [Camel (camel-15) thread #182 - ShutdownTask] o.a.c.i.engine.DefaultShutdownStrategy   : Route: route162 shutdown complete, was consuming from: activemq://transform.in
2025-02-12T09:52:11.823-06:00 DEBUG 35244 --- [messageFlowProcessor] [Camel (camel-15) thread #182 - ShutdownTask] c.c.j.DefaultJmsMessageListenerContainer : Stopping listenerContainer: org.apache.camel.component.jms.DefaultJmsMessageListenerContainer@3598252c with cacheLevel: 3 and sharedConnectionEnabled: true
2025-02-12T09:52:11.823-06:00 DEBUG 35244 --- [messageFlowProcessor] [Camel (camel-15) thread #182 - ShutdownTask] c.c.j.DefaultJmsMessageListenerContainer : Stopping shared connection on listenerContainer: org.apache.camel.component.jms.DefaultJmsMessageListenerContainer@3598252c
2025-02-12T09:52:11.823-06:00 DEBUG 35244 --- [messageFlowProcessor] [Camel (camel-15) thread #182 - ShutdownTask] c.c.j.DefaultJmsMessageListenerContainer : Destroying listenerContainer: org.apache.camel.component.jms.DefaultJmsMessageListenerContainer@3598252c with cacheLevel: 3 and sharedConnectionEnabled: true
2025-02-12T09:52:11.823-06:00 DEBUG 35244 --- [messageFlowProcessor] [Camel (camel-15) thread #182 - ShutdownTask] c.c.j.DefaultJmsMessageListenerContainer : Shutting down JMS listener container
2025-02-12T09:52:11.823-06:00 DEBUG 35244 --- [messageFlowProcessor] [Camel (camel-15) thread #182 - ShutdownTask] c.c.j.DefaultJmsMessageListenerContainer : Waiting for shutdown of message listener invokers
2025-02-12T09:52:11.823-06:00 DEBUG 35244 --- [messageFlowProcessor] [Camel (camel-15) thread #182 - ShutdownTask] o.a.c.i.e.BaseExecutorServiceManager     : Forcing shutdown of ExecutorService: java.util.concurrent.ThreadPoolExecutor@54e84fb6[Running, pool size = 1, active threads = 1, queued tasks = 0, completed tasks = 0]
2025-02-12T09:52:11.823-06:00 DEBUG 35244 --- [messageFlowProcessor] [Camel (camel-15) thread #182 - ShutdownTask] o.apache.camel.support.DefaultConsumer   : Stopping consumer: Consumer[activemq://outbound.in]
2025-02-12T09:52:11.823-06:00 DEBUG 35244 --- [messageFlowProcessor] [Camel (camel-15) thread #182 - ShutdownTask] o.apache.camel.support.DefaultProducer   : Stopping producer: Producer[activemq://queue:$%7Bheader.outputQueue%7D]
2025-02-12T09:52:11.823-06:00 DEBUG 35244 --- [messageFlowProcessor] [Camel (camel-15) thread #182 - ShutdownTask] o.a.c.i.engine.DefaultShutdownStrategy   : Route: route161 shutdown complete, was consuming from: activemq://outbound.in
2025-02-12T09:52:11.823-06:00 DEBUG 35244 --- [messageFlowProcessor] [Camel (camel-15) thread #182 - ShutdownTask] c.c.j.DefaultJmsMessageListenerContainer : Stopping listenerContainer: org.apache.camel.component.jms.DefaultJmsMessageListenerContainer@3be56883 with cacheLevel: 3 and sharedConnectionEnabled: true
2025-02-12T09:52:11.823-06:00 DEBUG 35244 --- [messageFlowProcessor] [Camel (camel-15) thread #182 - ShutdownTask] c.c.j.DefaultJmsMessageListenerContainer : Stopping shared connection on listenerContainer: org.apache.camel.component.jms.DefaultJmsMessageListenerContainer@3be56883
2025-02-12T09:52:11.823-06:00 DEBUG 35244 --- [messageFlowProcessor] [Camel (camel-15) thread #182 - ShutdownTask] c.c.j.DefaultJmsMessageListenerContainer : Destroying listenerContainer: org.apache.camel.component.jms.DefaultJmsMessageListenerContainer@3be56883 with cacheLevel: 3 and sharedConnectionEnabled: true
2025-02-12T09:52:11.823-06:00 DEBUG 35244 --- [messageFlowProcessor] [Camel (camel-15) thread #182 - ShutdownTask] c.c.j.DefaultJmsMessageListenerContainer : Shutting down JMS listener container
2025-02-12T09:52:11.823-06:00 DEBUG 35244 --- [messageFlowProcessor] [Camel (camel-15) thread #175 - JmsConsumer[outbound.in]] c.c.j.DefaultJmsMessageListenerContainer : Lowered scheduled invoker count: 0
2025-02-12T09:52:11.823-06:00 DEBUG 35244 --- [messageFlowProcessor] [Camel (camel-15) thread #182 - ShutdownTask] c.c.j.DefaultJmsMessageListenerContainer : Waiting for shutdown of message listener invokers
2025-02-12T09:52:11.823-06:00 DEBUG 35244 --- [messageFlowProcessor] [Camel (camel-15) thread #182 - ShutdownTask] o.a.c.i.e.BaseExecutorServiceManager     : Forcing shutdown of ExecutorService: java.util.concurrent.ThreadPoolExecutor@5331d55d[Running, pool size = 1, active threads = 1, queued tasks = 0, completed tasks = 0]
2025-02-12T09:52:11.823-06:00 DEBUG 35244 --- [messageFlowProcessor] [Camel (camel-15) thread #182 - ShutdownTask] o.apache.camel.support.DefaultConsumer   : Stopping consumer: Consumer[activemq://sc2.MX.2.in]
2025-02-12T09:52:11.823-06:00 DEBUG 35244 --- [messageFlowProcessor] [Camel (camel-15) thread #182 - ShutdownTask] o.apache.camel.support.DefaultProducer   : Stopping producer: Producer[activemq://entry.in]
2025-02-12T09:52:11.823-06:00 DEBUG 35244 --- [messageFlowProcessor] [Camel (camel-15) thread #174 - JmsConsumer[sc2.MX.2.in]] c.c.j.DefaultJmsMessageListenerContainer : Lowered scheduled invoker count: 0
2025-02-12T09:52:11.823-06:00 DEBUG 35244 --- [messageFlowProcessor] [Camel (camel-15) thread #182 - ShutdownTask] o.apache.camel.support.DefaultProducer   : Stopping producer: Producer[activemq://transform.in]
2025-02-12T09:52:11.823-06:00 DEBUG 35244 --- [messageFlowProcessor] [Camel (camel-15) thread #182 - ShutdownTask] o.apache.camel.support.DefaultProducer   : Stopping producer: Producer[activemq://exit.in]
2025-02-12T09:52:11.823-06:00 DEBUG 35244 --- [messageFlowProcessor] [Camel (camel-15) thread #182 - ShutdownTask] o.apache.camel.support.DefaultProducer   : Stopping producer: Producer[activemq://outboud.in]
2025-02-12T09:52:11.823-06:00 DEBUG 35244 --- [messageFlowProcessor] [Camel (camel-15) thread #182 - ShutdownTask] o.a.c.i.engine.DefaultShutdownStrategy   : Route: route160 shutdown complete, was consuming from: activemq://sc2.MX.2.in
2025-02-12T09:52:11.823-06:00 DEBUG 35244 --- [messageFlowProcessor] [Camel (camel-15) thread #182 - ShutdownTask] c.c.j.DefaultJmsMessageListenerContainer : Stopping listenerContainer: org.apache.camel.component.jms.DefaultJmsMessageListenerContainer@34d538ba with cacheLevel: 3 and sharedConnectionEnabled: true
2025-02-12T09:52:11.823-06:00 DEBUG 35244 --- [messageFlowProcessor] [Camel (camel-15) thread #182 - ShutdownTask] c.c.j.DefaultJmsMessageListenerContainer : Stopping shared connection on listenerContainer: org.apache.camel.component.jms.DefaultJmsMessageListenerContainer@34d538ba
2025-02-12T09:52:11.823-06:00 DEBUG 35244 --- [messageFlowProcessor] [Camel (camel-15) thread #182 - ShutdownTask] c.c.j.DefaultJmsMessageListenerContainer : Destroying listenerContainer: org.apache.camel.component.jms.DefaultJmsMessageListenerContainer@34d538ba with cacheLevel: 3 and sharedConnectionEnabled: true
2025-02-12T09:52:11.823-06:00 DEBUG 35244 --- [messageFlowProcessor] [Camel (camel-15) thread #182 - ShutdownTask] c.c.j.DefaultJmsMessageListenerContainer : Shutting down JMS listener container
2025-02-12T09:52:11.823-06:00 DEBUG 35244 --- [messageFlowProcessor] [Camel (camel-15) thread #182 - ShutdownTask] c.c.j.DefaultJmsMessageListenerContainer : Waiting for shutdown of message listener invokers
2025-02-12T09:52:11.824-06:00 DEBUG 35244 --- [messageFlowProcessor] [Camel (camel-15) thread #182 - ShutdownTask] o.a.c.i.e.BaseExecutorServiceManager     : Forcing shutdown of ExecutorService: java.util.concurrent.ThreadPoolExecutor@2f622120[Running, pool size = 1, active threads = 1, queued tasks = 0, completed tasks = 0]
2025-02-12T09:52:11.824-06:00 DEBUG 35244 --- [messageFlowProcessor] [Camel (camel-15) thread #173 - JmsConsumer[sc1.US.1.in]] c.c.j.DefaultJmsMessageListenerContainer : Lowered scheduled invoker count: 0
2025-02-12T09:52:11.824-06:00 DEBUG 35244 --- [messageFlowProcessor] [Camel (camel-15) thread #182 - ShutdownTask] o.apache.camel.support.DefaultConsumer   : Stopping consumer: Consumer[activemq://sc1.US.1.in]
2025-02-12T09:52:11.824-06:00 DEBUG 35244 --- [messageFlowProcessor] [Camel (camel-15) thread #182 - ShutdownTask] o.apache.camel.support.DefaultProducer   : Stopping producer: Producer[activemq://entry.in]
2025-02-12T09:52:11.824-06:00 DEBUG 35244 --- [messageFlowProcessor] [Camel (camel-15) thread #182 - ShutdownTask] o.apache.camel.support.DefaultProducer   : Stopping producer: Producer[activemq://transform.in]
2025-02-12T09:52:11.824-06:00 DEBUG 35244 --- [messageFlowProcessor] [Camel (camel-15) thread #182 - ShutdownTask] o.apache.camel.support.DefaultProducer   : Stopping producer: Producer[activemq://exit.in]
2025-02-12T09:52:11.824-06:00 DEBUG 35244 --- [messageFlowProcessor] [Camel (camel-15) thread #182 - ShutdownTask] o.apache.camel.support.DefaultProducer   : Stopping producer: Producer[activemq://outboud.in]
2025-02-12T09:52:11.824-06:00 DEBUG 35244 --- [messageFlowProcessor] [Camel (camel-15) thread #182 - ShutdownTask] o.a.c.i.engine.DefaultShutdownStrategy   : Route: route159 shutdown complete, was consuming from: activemq://sc1.US.1.in
2025-02-12T09:52:11.824-06:00 DEBUG 35244 --- [messageFlowProcessor] [Camel (camel-15) thread #182 - ShutdownTask] c.c.j.DefaultJmsMessageListenerContainer : Stopping listenerContainer: org.apache.camel.component.jms.DefaultJmsMessageListenerContainer@5a7ffb34 with cacheLevel: 3 and sharedConnectionEnabled: true
2025-02-12T09:52:11.824-06:00 DEBUG 35244 --- [messageFlowProcessor] [Camel (camel-15) thread #182 - ShutdownTask] c.c.j.DefaultJmsMessageListenerContainer : Stopping shared connection on listenerContainer: org.apache.camel.component.jms.DefaultJmsMessageListenerContainer@5a7ffb34
2025-02-12T09:52:11.824-06:00 DEBUG 35244 --- [messageFlowProcessor] [Camel (camel-15) thread #182 - ShutdownTask] c.c.j.DefaultJmsMessageListenerContainer : Destroying listenerContainer: org.apache.camel.component.jms.DefaultJmsMessageListenerContainer@5a7ffb34 with cacheLevel: 3 and sharedConnectionEnabled: true
2025-02-12T09:52:11.824-06:00 DEBUG 35244 --- [messageFlowProcessor] [Camel (camel-15) thread #182 - ShutdownTask] c.c.j.DefaultJmsMessageListenerContainer : Shutting down JMS listener container
2025-02-12T09:52:11.825-06:00 DEBUG 35244 --- [messageFlowProcessor] [Camel (camel-15) thread #182 - ShutdownTask] c.c.j.DefaultJmsMessageListenerContainer : Waiting for shutdown of message listener invokers
2025-02-12T09:52:11.825-06:00 DEBUG 35244 --- [messageFlowProcessor] [Camel (camel-15) thread #172 - JmsConsumer[exit.in]] c.c.j.DefaultJmsMessageListenerContainer : Lowered scheduled invoker count: 0
2025-02-12T09:52:11.825-06:00 DEBUG 35244 --- [messageFlowProcessor] [Camel (camel-15) thread #182 - ShutdownTask] o.a.c.i.e.BaseExecutorServiceManager     : Forcing shutdown of ExecutorService: java.util.concurrent.ThreadPoolExecutor@198b6ef3[Running, pool size = 1, active threads = 0, queued tasks = 0, completed tasks = 1]
2025-02-12T09:52:11.825-06:00 DEBUG 35244 --- [messageFlowProcessor] [Camel (camel-15) thread #182 - ShutdownTask] o.apache.camel.support.DefaultConsumer   : Stopping consumer: Consumer[activemq://exit.in]
2025-02-12T09:52:11.825-06:00 DEBUG 35244 --- [messageFlowProcessor] [Camel (camel-15) thread #182 - ShutdownTask] o.apache.camel.support.DefaultProducer   : Stopping producer: Producer[activemq://outbound.in]
2025-02-12T09:52:11.825-06:00 DEBUG 35244 --- [messageFlowProcessor] [Camel (camel-15) thread #182 - ShutdownTask] o.a.c.i.engine.DefaultShutdownStrategy   : Route: route158 shutdown complete, was consuming from: activemq://exit.in
2025-02-12T09:52:11.825-06:00 DEBUG 35244 --- [messageFlowProcessor] [Camel (camel-15) thread #182 - ShutdownTask] c.c.j.DefaultJmsMessageListenerContainer : Stopping listenerContainer: org.apache.camel.component.jms.DefaultJmsMessageListenerContainer@3e2ff996 with cacheLevel: 3 and sharedConnectionEnabled: true
2025-02-12T09:52:11.825-06:00 DEBUG 35244 --- [messageFlowProcessor] [Camel (camel-15) thread #182 - ShutdownTask] c.c.j.DefaultJmsMessageListenerContainer : Stopping shared connection on listenerContainer: org.apache.camel.component.jms.DefaultJmsMessageListenerContainer@3e2ff996
2025-02-12T09:52:11.825-06:00 DEBUG 35244 --- [messageFlowProcessor] [Camel (camel-15) thread #182 - ShutdownTask] c.c.j.DefaultJmsMessageListenerContainer : Destroying listenerContainer: org.apache.camel.component.jms.DefaultJmsMessageListenerContainer@3e2ff996 with cacheLevel: 3 and sharedConnectionEnabled: true
2025-02-12T09:52:11.825-06:00 DEBUG 35244 --- [messageFlowProcessor] [Camel (camel-15) thread #182 - ShutdownTask] c.c.j.DefaultJmsMessageListenerContainer : Shutting down JMS listener container
2025-02-12T09:52:11.825-06:00 DEBUG 35244 --- [messageFlowProcessor] [Camel (camel-15) thread #182 - ShutdownTask] c.c.j.DefaultJmsMessageListenerContainer : Waiting for shutdown of message listener invokers
2025-02-12T09:52:11.825-06:00 DEBUG 35244 --- [messageFlowProcessor] [Camel (camel-15) thread #171 - JmsConsumer[entry.in]] c.c.j.DefaultJmsMessageListenerContainer : Lowered scheduled invoker count: 0
2025-02-12T09:52:11.825-06:00 DEBUG 35244 --- [messageFlowProcessor] [Camel (camel-15) thread #182 - ShutdownTask] o.a.c.i.e.BaseExecutorServiceManager     : Forcing shutdown of ExecutorService: java.util.concurrent.ThreadPoolExecutor@4d09363f[Running, pool size = 1, active threads = 0, queued tasks = 0, completed tasks = 1]
2025-02-12T09:52:11.825-06:00 DEBUG 35244 --- [messageFlowProcessor] [Camel (camel-15) thread #182 - ShutdownTask] o.apache.camel.support.DefaultConsumer   : Stopping consumer: Consumer[activemq://entry.in]
2025-02-12T09:52:11.825-06:00 DEBUG 35244 --- [messageFlowProcessor] [Camel (camel-15) thread #182 - ShutdownTask] o.apache.camel.support.DefaultProducer   : Stopping producer: Producer[activemq://transform.in]
2025-02-12T09:52:11.825-06:00 DEBUG 35244 --- [messageFlowProcessor] [Camel (camel-15) thread #182 - ShutdownTask] o.apache.camel.support.DefaultProducer   : Stopping producer: Producer[activemq://exit.in]
2025-02-12T09:52:11.825-06:00 DEBUG 35244 --- [messageFlowProcessor] [Camel (camel-15) thread #182 - ShutdownTask] o.apache.camel.support.DefaultProducer   : Stopping producer: Producer[activemq://outboud.in]
2025-02-12T09:52:11.825-06:00 DEBUG 35244 --- [messageFlowProcessor] [Camel (camel-15) thread #182 - ShutdownTask] o.a.c.i.engine.DefaultShutdownStrategy   : Route: route157 shutdown complete, was consuming from: activemq://entry.in
2025-02-12T09:52:11.825-06:00 DEBUG 35244 --- [messageFlowProcessor] [Thread-87] o.a.c.i.engine.DefaultShutdownStrategy   : Graceful shutdown of 11 routes completed in 253ms
2025-02-12T09:52:11.825-06:00 DEBUG 35244 --- [messageFlowProcessor] [Thread-87] .c.i.e.DefaultAsyncProcessorAwaitManager : Shutting down with no inflight threads.
2025-02-12T09:52:11.826-06:00 DEBUG 35244 --- [messageFlowProcessor] [Thread-87] o.apache.camel.support.DefaultConsumer   : Shutting down consumer: Consumer[activemq://shoeProcessFlow.in]
2025-02-12T09:52:11.827-06:00 DEBUG 35244 --- [messageFlowProcessor] [Thread-87] o.apache.camel.support.DefaultConsumer   : Shutting down consumer: Consumer[activemq://kidsToysProcessFlow.in]
2025-02-12T09:52:11.827-06:00 DEBUG 35244 --- [messageFlowProcessor] [Thread-87] o.apache.camel.support.DefaultConsumer   : Shutting down consumer: Consumer[activemq://jewelryProcessFlow.in]
2025-02-12T09:52:11.827-06:00 DEBUG 35244 --- [messageFlowProcessor] [Thread-87] o.apache.camel.support.DefaultConsumer   : Shutting down consumer: Consumer[activemq://groceriesProcessFlow.in]
2025-02-12T09:52:11.827-06:00 DEBUG 35244 --- [messageFlowProcessor] [Thread-87] o.apache.camel.support.DefaultConsumer   : Shutting down consumer: Consumer[activemq://actionFigureToysProcessFlow.in]
2025-02-12T09:52:11.827-06:00 DEBUG 35244 --- [messageFlowProcessor] [Thread-87] o.apache.camel.support.DefaultConsumer   : Shutting down consumer: Consumer[activemq://transform.in]
2025-02-12T09:52:11.827-06:00 DEBUG 35244 --- [messageFlowProcessor] [Thread-87] o.apache.camel.support.DefaultConsumer   : Shutting down consumer: Consumer[activemq://outbound.in]
2025-02-12T09:52:11.827-06:00 DEBUG 35244 --- [messageFlowProcessor] [Thread-87] o.apache.camel.support.DefaultConsumer   : Shutting down consumer: Consumer[activemq://sc2.MX.2.in]
2025-02-12T09:52:11.827-06:00 DEBUG 35244 --- [messageFlowProcessor] [Thread-87] o.apache.camel.support.DefaultConsumer   : Shutting down consumer: Consumer[activemq://sc1.US.1.in]
2025-02-12T09:52:11.827-06:00 DEBUG 35244 --- [messageFlowProcessor] [Thread-87] o.apache.camel.support.DefaultConsumer   : Shutting down consumer: Consumer[activemq://exit.in]
2025-02-12T09:52:11.827-06:00 DEBUG 35244 --- [messageFlowProcessor] [Thread-87] o.apache.camel.support.DefaultConsumer   : Shutting down consumer: Consumer[activemq://entry.in]
2025-02-12T09:52:11.827-06:00  INFO 35244 --- [messageFlowProcessor] [Thread-87] o.a.c.impl.engine.AbstractCamelContext   : Routes stopped (total:11)
2025-02-12T09:52:11.827-06:00  INFO 35244 --- [messageFlowProcessor] [Thread-87] o.a.c.impl.engine.AbstractCamelContext   :     Stopped route167 (activemq://shoeProcessFlow.in)
2025-02-12T09:52:11.827-06:00  INFO 35244 --- [messageFlowProcessor] [Thread-87] o.a.c.impl.engine.AbstractCamelContext   :     Stopped route166 (activemq://kidsToysProcessFlow.in)
2025-02-12T09:52:11.827-06:00  INFO 35244 --- [messageFlowProcessor] [Thread-87] o.a.c.impl.engine.AbstractCamelContext   :     Stopped route165 (activemq://jewelryProcessFlow.in)
2025-02-12T09:52:11.827-06:00  INFO 35244 --- [messageFlowProcessor] [Thread-87] o.a.c.impl.engine.AbstractCamelContext   :     Stopped route164 (activemq://groceriesProcessFlow.in)
2025-02-12T09:52:11.827-06:00  INFO 35244 --- [messageFlowProcessor] [Thread-87] o.a.c.impl.engine.AbstractCamelContext   :     Stopped route163 (activemq://actionFigureToysProcessFlow.in)
2025-02-12T09:52:11.827-06:00  INFO 35244 --- [messageFlowProcessor] [Thread-87] o.a.c.impl.engine.AbstractCamelContext   :     Stopped route162 (activemq://transform.in)
2025-02-12T09:52:11.827-06:00  INFO 35244 --- [messageFlowProcessor] [Thread-87] o.a.c.impl.engine.AbstractCamelContext   :     Stopped route161 (activemq://outbound.in)
2025-02-12T09:52:11.827-06:00  INFO 35244 --- [messageFlowProcessor] [Thread-87] o.a.c.impl.engine.AbstractCamelContext   :     Stopped route160 (activemq://sc2.MX.2.in)
2025-02-12T09:52:11.827-06:00  INFO 35244 --- [messageFlowProcessor] [Thread-87] o.a.c.impl.engine.AbstractCamelContext   :     Stopped route159 (activemq://sc1.US.1.in)
2025-02-12T09:52:11.827-06:00  INFO 35244 --- [messageFlowProcessor] [Thread-87] o.a.c.impl.engine.AbstractCamelContext   :     Stopped route158 (activemq://exit.in)
2025-02-12T09:52:11.827-06:00  INFO 35244 --- [messageFlowProcessor] [Thread-87] o.a.c.impl.engine.AbstractCamelContext   :     Stopped route157 (activemq://entry.in)
2025-02-12T09:52:11.827-06:00 DEBUG 35244 --- [messageFlowProcessor] [Thread-87] o.a.c.i.e.BaseExecutorServiceManager     : Forcing shutdown of ExecutorService: org.apache.camel.util.concurrent.SizedScheduledExecutorService@1250e97[ErrorHandlerRedeliveryTask]
2025-02-12T09:52:11.828-06:00 DEBUG 35244 --- [messageFlowProcessor] [Thread-87] o.a.c.i.e.DefaultInflightRepository      : Shutting down with no inflight exchanges.
2025-02-12T09:52:11.828-06:00 DEBUG 35244 --- [messageFlowProcessor] [Thread-87] o.a.c.i.e.BaseExecutorServiceManager     : Forcing shutdown of ExecutorService: org.apache.camel.util.concurrent.RejectableThreadPoolExecutor@79535ab0[Running, pool size = 1, active threads = 0, queued tasks = 0, completed tasks = 1][ShutdownTask]
2025-02-12T09:52:11.828-06:00 DEBUG 35244 --- [messageFlowProcessor] [Thread-87] o.a.c.i.engine.DefaultBeanIntrospection  : Stopping BeanIntrospection which was invoked: 44 times
2025-02-12T09:52:11.828-06:00  INFO 35244 --- [messageFlowProcessor] [Thread-87] o.a.c.impl.engine.AbstractCamelContext   : Apache Camel 4.8.0 (camel-15) shutdown in 256ms (uptime:11h19m)
2025-02-12T09:52:11.842-06:00 DEBUG 35244 --- [messageFlowProcessor] [Thread-87] o.a.c.main.SimpleMainShutdownStrategy    : Shutdown called
2025-02-12T09:52:11.843-06:00  INFO 35244 --- [messageFlowProcessor] [Thread-87] j.LocalContainerEntityManagerFactoryBean : Closing JPA EntityManagerFactory for persistence unit 'default'
2025-02-12T09:52:11.844-06:00  INFO 35244 --- [messageFlowProcessor] [Thread-87] com.zaxxer.hikari.HikariDataSource       : HikariPool-15 - Shutdown initiated...
2025-02-12T09:52:11.851-06:00  INFO 35244 --- [messageFlowProcessor] [Thread-87] com.zaxxer.hikari.HikariDataSource       : HikariPool-15 - Shutdown completed.
2025-02-12T09:52:11.973-06:00  INFO 35244 --- [messageFlowProcessor] [restartedMain] c.e.m.MessageFlowProcessorApplication    : Starting MessageFlowProcessorApplication using Java 17.0.9 with PID 35244 (C:\Miracle Software Systems\Task2\messageFlowProcessor\target\classes started by JAYAS in C:\Miracle Software Systems\Task2\messageFlowProcessor)
2025-02-12T09:52:11.973-06:00  INFO 35244 --- [messageFlowProcessor] [restartedMain] c.e.m.MessageFlowProcessorApplication    : No active profile set, falling back to 1 default profile: "default"
2025-02-12T09:52:12.153-06:00  INFO 35244 --- [messageFlowProcessor] [restartedMain] .s.d.r.c.RepositoryConfigurationDelegate : Bootstrapping Spring Data JPA repositories in DEFAULT mode.
2025-02-12T09:52:12.175-06:00  INFO 35244 --- [messageFlowProcessor] [restartedMain] .s.d.r.c.RepositoryConfigurationDelegate : Finished Spring Data repository scanning in 21 ms. Found 2 JPA repository interfaces.
2025-02-12T09:52:12.268-06:00  INFO 35244 --- [messageFlowProcessor] [restartedMain] o.s.b.w.embedded.tomcat.TomcatWebServer  : Tomcat initialized with port 8080 (http)
2025-02-12T09:52:12.269-06:00  INFO 35244 --- [messageFlowProcessor] [restartedMain] o.apache.catalina.core.StandardService   : Starting service [Tomcat]
2025-02-12T09:52:12.269-06:00  INFO 35244 --- [messageFlowProcessor] [restartedMain] o.apache.catalina.core.StandardEngine    : Starting Servlet engine: [Apache Tomcat/10.1.34]
2025-02-12T09:52:12.312-06:00  INFO 35244 --- [messageFlowProcessor] [restartedMain] o.a.c.c.C.[Tomcat].[localhost].[/]       : Initializing Spring embedded WebApplicationContext
2025-02-12T09:52:12.312-06:00  INFO 35244 --- [messageFlowProcessor] [restartedMain] w.s.c.ServletWebServerApplicationContext : Root WebApplicationContext: initialization completed in 337 ms
2025-02-12T09:52:12.342-06:00  INFO 35244 --- [messageFlowProcessor] [restartedMain] o.hibernate.jpa.internal.util.LogHelper  : HHH000204: Processing PersistenceUnitInfo [name: default]
2025-02-12T09:52:12.344-06:00  INFO 35244 --- [messageFlowProcessor] [restartedMain] o.h.c.internal.RegionFactoryInitiator    : HHH000026: Second-level cache disabled
2025-02-12T09:52:12.353-06:00  INFO 35244 --- [messageFlowProcessor] [restartedMain] o.s.o.j.p.SpringPersistenceUnitInfo      : No LoadTimeWeaver setup: ignoring JPA class transformer
2025-02-12T09:52:12.354-06:00  INFO 35244 --- [messageFlowProcessor] [restartedMain] com.zaxxer.hikari.HikariDataSource       : HikariPool-16 - Starting...
2025-02-12T09:52:12.367-06:00  INFO 35244 --- [messageFlowProcessor] [restartedMain] com.zaxxer.hikari.pool.HikariPool        : HikariPool-16 - Added connection com.mysql.cj.jdbc.ConnectionImpl@2a547eb0
2025-02-12T09:52:12.367-06:00  INFO 35244 --- [messageFlowProcessor] [restartedMain] com.zaxxer.hikari.HikariDataSource       : HikariPool-16 - Start completed.
2025-02-12T09:52:12.368-06:00  INFO 35244 --- [messageFlowProcessor] [restartedMain] org.hibernate.orm.connections.pooling    : HHH10001005: Database info:
	Database JDBC URL [Connecting through datasource 'HikariDataSource (HikariPool-16)']
	Database driver: undefined/unknown
	Database version: 8.0.32
	Autocommit mode: undefined/unknown
	Isolation level: undefined/unknown
	Minimum pool size: undefined/unknown
	Maximum pool size: undefined/unknown
2025-02-12T09:52:12.406-06:00  INFO 35244 --- [messageFlowProcessor] [restartedMain] o.h.e.t.j.p.i.JtaPlatformInitiator       : HHH000489: No JTA platform available (set 'hibernate.transaction.jta.platform' to enable JTA platform integration)
2025-02-12T09:52:12.406-06:00  INFO 35244 --- [messageFlowProcessor] [restartedMain] j.LocalContainerEntityManagerFactoryBean : Initialized JPA EntityManagerFactory for persistence unit 'default'
2025-02-12T09:52:12.416-06:00 DEBUG 35244 --- [messageFlowProcessor] [restartedMain] o.a.camel.spring.SpringCamelContext      : Set the application context classloader to: org.springframework.boot.devtools.restart.classloader.RestartClassLoader@49556e98
2025-02-12T09:52:12.417-06:00 DEBUG 35244 --- [messageFlowProcessor] [restartedMain] o.a.c.i.e.DefaultCamelContextExtension   : Setting up management with factory: org.apache.camel.impl.engine.DefaultManagementStrategyFactory@777e2f83
2025-02-12T09:52:12.417-06:00 DEBUG 35244 --- [messageFlowProcessor] [restartedMain] o.apache.camel.support.ResolverHelper    : Found HealthCheckRegistry: org.apache.camel.impl.health.DefaultHealthCheckRegistry via: META-INF/services/org/apache/camel/health-check/default-registry
2025-02-12T09:52:12.418-06:00 DEBUG 35244 --- [messageFlowProcessor] [restartedMain] o.apache.camel.support.ResolverHelper    : Detected and using HealthCheckRegistry: org.apache.camel.impl.health.DefaultHealthCheckRegistry@7560bad5
2025-02-12T09:52:12.418-06:00 DEBUG 35244 --- [messageFlowProcessor] [restartedMain] o.a.c.i.h.DefaultHealthCheckRegistry     : HealthCheckRepository with id registry-health-check-repository successfully registered
2025-02-12T09:52:12.419-06:00 DEBUG 35244 --- [messageFlowProcessor] [restartedMain] o.a.c.i.c.BaseTypeConverterRegistry      : Loading file META-INF/services/org/apache/camel/TypeConverterLoader to retrieve list of type converters, from url: jar:file:/C:/Users/JAYAS/.m2/repository/org/apache/camel/camel-base/4.8.0/camel-base-4.8.0.jar!/META-INF/services/org/apache/camel/TypeConverterLoader
2025-02-12T09:52:12.420-06:00 DEBUG 35244 --- [messageFlowProcessor] [restartedMain] o.a.c.i.c.BaseTypeConverterRegistry      : Loading file META-INF/services/org/apache/camel/TypeConverterLoader to retrieve list of type converters, from url: jar:file:/C:/Users/JAYAS/.m2/repository/org/apache/camel/camel-support/4.8.0/camel-support-4.8.0.jar!/META-INF/services/org/apache/camel/TypeConverterLoader
2025-02-12T09:52:12.420-06:00 DEBUG 35244 --- [messageFlowProcessor] [restartedMain] o.a.c.i.c.BaseTypeConverterRegistry      : Loading file META-INF/services/org/apache/camel/TypeConverterLoader to retrieve list of type converters, from url: jar:file:/C:/Users/JAYAS/.m2/repository/org/apache/camel/camel-file/4.8.0/camel-file-4.8.0.jar!/META-INF/services/org/apache/camel/TypeConverterLoader
2025-02-12T09:52:12.420-06:00 DEBUG 35244 --- [messageFlowProcessor] [restartedMain] o.a.c.i.c.BaseTypeConverterRegistry      : Loading file META-INF/services/org/apache/camel/TypeConverterLoader to retrieve list of type converters, from url: jar:file:/C:/Users/JAYAS/.m2/repository/org/apache/camel/camel-xml-jaxp/4.8.0/camel-xml-jaxp-4.8.0.jar!/META-INF/services/org/apache/camel/TypeConverterLoader
2025-02-12T09:52:12.420-06:00 DEBUG 35244 --- [messageFlowProcessor] [restartedMain] o.a.c.i.c.BaseTypeConverterRegistry      : Loading file META-INF/services/org/apache/camel/TypeConverterLoader to retrieve list of type converters, from url: jar:file:/C:/Users/JAYAS/.m2/repository/org/apache/camel/camel-spring/4.8.0/camel-spring-4.8.0.jar!/META-INF/services/org/apache/camel/TypeConverterLoader
2025-02-12T09:52:12.420-06:00 DEBUG 35244 --- [messageFlowProcessor] [restartedMain] o.a.c.i.c.BaseTypeConverterRegistry      : Loading file META-INF/services/org/apache/camel/TypeConverterLoader to retrieve list of type converters, from url: jar:file:/C:/Users/JAYAS/.m2/repository/org/apache/camel/camel-activemq/4.8.0/camel-activemq-4.8.0.jar!/META-INF/services/org/apache/camel/TypeConverterLoader
2025-02-12T09:52:12.420-06:00 DEBUG 35244 --- [messageFlowProcessor] [restartedMain] o.a.c.i.c.BaseTypeConverterRegistry      : Loading file META-INF/services/org/apache/camel/TypeConverterLoader to retrieve list of type converters, from url: jar:file:/C:/Users/JAYAS/.m2/repository/org/apache/camel/camel-base/4.8.0/camel-base-4.8.0.jar!/META-INF/services/org/apache/camel/TypeConverterLoader
2025-02-12T09:52:12.421-06:00 DEBUG 35244 --- [messageFlowProcessor] [restartedMain] o.a.c.i.c.BaseTypeConverterRegistry      : Loading file META-INF/services/org/apache/camel/TypeConverterLoader to retrieve list of type converters, from url: jar:file:/C:/Users/JAYAS/.m2/repository/org/apache/camel/camel-support/4.8.0/camel-support-4.8.0.jar!/META-INF/services/org/apache/camel/TypeConverterLoader
2025-02-12T09:52:12.421-06:00 DEBUG 35244 --- [messageFlowProcessor] [restartedMain] o.a.c.i.c.BaseTypeConverterRegistry      : Loading file META-INF/services/org/apache/camel/TypeConverterLoader to retrieve list of type converters, from url: jar:file:/C:/Users/JAYAS/.m2/repository/org/apache/camel/camel-file/4.8.0/camel-file-4.8.0.jar!/META-INF/services/org/apache/camel/TypeConverterLoader
2025-02-12T09:52:12.421-06:00 DEBUG 35244 --- [messageFlowProcessor] [restartedMain] o.a.c.i.c.BaseTypeConverterRegistry      : Loading file META-INF/services/org/apache/camel/TypeConverterLoader to retrieve list of type converters, from url: jar:file:/C:/Users/JAYAS/.m2/repository/org/apache/camel/camel-xml-jaxp/4.8.0/camel-xml-jaxp-4.8.0.jar!/META-INF/services/org/apache/camel/TypeConverterLoader
2025-02-12T09:52:12.421-06:00 DEBUG 35244 --- [messageFlowProcessor] [restartedMain] o.a.c.i.c.BaseTypeConverterRegistry      : Loading file META-INF/services/org/apache/camel/TypeConverterLoader to retrieve list of type converters, from url: jar:file:/C:/Users/JAYAS/.m2/repository/org/apache/camel/camel-spring/4.8.0/camel-spring-4.8.0.jar!/META-INF/services/org/apache/camel/TypeConverterLoader
2025-02-12T09:52:12.421-06:00 DEBUG 35244 --- [messageFlowProcessor] [restartedMain] o.a.c.i.c.BaseTypeConverterRegistry      : Loading file META-INF/services/org/apache/camel/TypeConverterLoader to retrieve list of type converters, from url: jar:file:/C:/Users/JAYAS/.m2/repository/org/apache/camel/camel-activemq/4.8.0/camel-activemq-4.8.0.jar!/META-INF/services/org/apache/camel/TypeConverterLoader
2025-02-12T09:52:12.421-06:00 DEBUG 35244 --- [messageFlowProcessor] [restartedMain] o.a.c.i.c.BaseTypeConverterRegistry      : Resolving TypeConverterLoader: org.apache.camel.converter.CamelBaseBulkConverterLoader
2025-02-12T09:52:12.421-06:00 DEBUG 35244 --- [messageFlowProcessor] [restartedMain] o.a.c.i.c.BaseTypeConverterRegistry      : TypeConverterLoader: org.apache.camel.converter.CamelBaseBulkConverterLoader loading converters
2025-02-12T09:52:12.421-06:00 DEBUG 35244 --- [messageFlowProcessor] [restartedMain] o.a.c.i.c.BaseTypeConverterRegistry      : Resolving TypeConverterLoader: org.apache.camel.converter.stream.StreamCacheBulkConverterLoader
2025-02-12T09:52:12.422-06:00 DEBUG 35244 --- [messageFlowProcessor] [restartedMain] o.a.c.i.c.BaseTypeConverterRegistry      : TypeConverterLoader: org.apache.camel.converter.stream.StreamCacheBulkConverterLoader loading converters
2025-02-12T09:52:12.422-06:00 DEBUG 35244 --- [messageFlowProcessor] [restartedMain] o.a.c.i.c.BaseTypeConverterRegistry      : Resolving TypeConverterLoader: org.apache.camel.component.file.GenericFileConverterLoader
2025-02-12T09:52:12.422-06:00 DEBUG 35244 --- [messageFlowProcessor] [restartedMain] o.a.c.i.c.BaseTypeConverterRegistry      : TypeConverterLoader: org.apache.camel.component.file.GenericFileConverterLoader loading converters
2025-02-12T09:52:12.422-06:00 DEBUG 35244 --- [messageFlowProcessor] [restartedMain] o.a.c.i.c.BaseTypeConverterRegistry      : Resolving TypeConverterLoader: org.apache.camel.converter.jaxp.CamelXmlJaxpBulkConverterLoader
2025-02-12T09:52:12.423-06:00 DEBUG 35244 --- [messageFlowProcessor] [restartedMain] o.a.c.i.c.BaseTypeConverterRegistry      : TypeConverterLoader: org.apache.camel.converter.jaxp.CamelXmlJaxpBulkConverterLoader loading converters
2025-02-12T09:52:12.423-06:00 DEBUG 35244 --- [messageFlowProcessor] [restartedMain] o.a.c.i.c.BaseTypeConverterRegistry      : Resolving TypeConverterLoader: org.apache.camel.spring.converter.ResourceConverterLoader
2025-02-12T09:52:12.423-06:00 DEBUG 35244 --- [messageFlowProcessor] [restartedMain] o.a.c.i.c.BaseTypeConverterRegistry      : TypeConverterLoader: org.apache.camel.spring.converter.ResourceConverterLoader loading converters
2025-02-12T09:52:12.423-06:00 DEBUG 35244 --- [messageFlowProcessor] [restartedMain] o.a.c.i.c.BaseTypeConverterRegistry      : Resolving TypeConverterLoader: org.apache.camel.component.activemq.converter.ActiveMQConverterLoader
2025-02-12T09:52:12.424-06:00 DEBUG 35244 --- [messageFlowProcessor] [restartedMain] o.a.c.i.c.BaseTypeConverterRegistry      : TypeConverterLoader: org.apache.camel.component.activemq.converter.ActiveMQConverterLoader loading converters
2025-02-12T09:52:12.424-06:00 DEBUG 35244 --- [messageFlowProcessor] [restartedMain] o.a.c.i.c.BaseTypeConverterRegistry      : Resolving TypeConverterLoader: org.apache.camel.component.activemq.converter.ActiveMQMessageConverterLoader
2025-02-12T09:52:12.424-06:00 DEBUG 35244 --- [messageFlowProcessor] [restartedMain] o.a.c.i.c.BaseTypeConverterRegistry      : TypeConverterLoader: org.apache.camel.component.activemq.converter.ActiveMQMessageConverterLoader loading converters
2025-02-12T09:52:12.424-06:00 DEBUG 35244 --- [messageFlowProcessor] [restartedMain] o.a.c.i.converter.DefaultTypeConverter   : Loaded 244 type converters in 4ms
2025-02-12T09:52:12.424-06:00 DEBUG 35244 --- [messageFlowProcessor] [restartedMain] o.a.c.impl.engine.AbstractCamelContext   : Apache Camel 4.8.0 (camel-16) built in 7ms
2025-02-12T09:52:12.425-06:00 DEBUG 35244 --- [messageFlowProcessor] [restartedMain] o.a.c.i.e.BaseExecutorServiceManager     : Created new ScheduledThreadPool for source: ErrorHandlerRedeliveryThreadPool with name: ErrorHandlerRedeliveryTask -> org.apache.camel.util.concurrent.SizedScheduledExecutorService@6a1777d8[ErrorHandlerRedeliveryTask]
2025-02-12T09:52:12.426-06:00 DEBUG 35244 --- [messageFlowProcessor] [restartedMain] o.a.c.i.e.DefaultConfigurerResolver      : Found configurer: spring-event-component via type: org.apache.camel.component.event.EventComponentConfigurer via: META-INF/services/org/apache/camel/configurer/spring-event-component
2025-02-12T09:52:12.426-06:00 DEBUG 35244 --- [messageFlowProcessor] [restartedMain] o.a.c.i.e.DefaultConfigurerResolver      : Found configurer: spring-event-endpoint via type: org.apache.camel.component.event.EventEndpointConfigurer via: META-INF/services/org/apache/camel/configurer/spring-event-endpoint
2025-02-12T09:52:12.432-06:00 DEBUG 35244 --- [messageFlowProcessor] [restartedMain] o.a.c.i.e.DefaultConfigurerResolver      : Found configurer: spring-event-component via type: org.apache.camel.component.event.EventComponentConfigurer via: META-INF/services/org/apache/camel/configurer/spring-event-component
2025-02-12T09:52:12.444-06:00 DEBUG 35244 --- [messageFlowProcessor] [restartedMain] o.a.camel.spring.SpringCamelContext      : Set the application context classloader to: org.springframework.boot.devtools.restart.classloader.RestartClassLoader@49556e98
2025-02-12T09:52:12.514-06:00  WARN 35244 --- [messageFlowProcessor] [restartedMain] JpaBaseConfiguration$JpaWebConfiguration : spring.jpa.open-in-view is enabled by default. Therefore, database queries may be performed during view rendering. Explicitly configure spring.jpa.open-in-view to disable this warning
2025-02-12T09:52:12.589-06:00  INFO 35244 --- [messageFlowProcessor] [restartedMain] o.s.b.a.h2.H2ConsoleAutoConfiguration    : H2 console available at '/h2-console'. Database available at 'jdbc:mysql://localhost:3306/messageProcessor'
2025-02-12T09:52:12.605-06:00  INFO 35244 --- [messageFlowProcessor] [restartedMain] o.s.b.d.a.OptionalLiveReloadServer       : LiveReload server is running on port 35729
2025-02-12T09:52:12.622-06:00  INFO 35244 --- [messageFlowProcessor] [restartedMain] o.s.b.w.embedded.tomcat.TomcatWebServer  : Tomcat started on port 8080 (http) with context path '/'
2025-02-12T09:52:12.623-06:00 DEBUG 35244 --- [messageFlowProcessor] [restartedMain] o.a.camel.spring.SpringCamelContext      : onApplicationEvent: org.springframework.boot.web.servlet.context.ServletWebServerInitializedEvent[source=org.springframework.boot.web.embedded.tomcat.TomcatWebServer@7434b1d1]
2025-02-12T09:52:12.623-06:00 DEBUG 35244 --- [messageFlowProcessor] [restartedMain] c.s.b.CamelSpringBootApplicationListener : Post-processing CamelContext bean: camel-16
2025-02-12T09:52:12.623-06:00 DEBUG 35244 --- [messageFlowProcessor] [restartedMain] org.apache.camel.main.RoutesConfigurer   : RoutesCollectorEnabled: org.apache.camel.spring.boot.CamelSpringBootRoutesCollector@4f4a60a9
2025-02-12T09:52:12.624-06:00 DEBUG 35244 --- [messageFlowProcessor] [restartedMain] o.a.c.s.b.CamelSpringBootRoutesCollector : Java RoutesBuilder: com/example/messageFlowProcessor/adapter/EntryAdapter accepted by include/exclude filter: true
2025-02-12T09:52:12.624-06:00 DEBUG 35244 --- [messageFlowProcessor] [restartedMain] o.a.c.s.b.CamelSpringBootRoutesCollector : Java RoutesBuilder: com/example/messageFlowProcessor/adapter/ExitAdapter accepted by include/exclude filter: true
2025-02-12T09:52:12.624-06:00 DEBUG 35244 --- [messageFlowProcessor] [restartedMain] o.a.c.s.b.CamelSpringBootRoutesCollector : Java RoutesBuilder: com/example/messageFlowProcessor/adapter/InboundAdapter accepted by include/exclude filter: true
2025-02-12T09:52:12.624-06:00 DEBUG 35244 --- [messageFlowProcessor] [restartedMain] o.a.c.s.b.CamelSpringBootRoutesCollector : Java RoutesBuilder: com/example/messageFlowProcessor/adapter/OutboundAdapter accepted by include/exclude filter: true
2025-02-12T09:52:12.624-06:00 DEBUG 35244 --- [messageFlowProcessor] [restartedMain] o.a.c.s.b.CamelSpringBootRoutesCollector : Java RoutesBuilder: com/example/messageFlowProcessor/adapter/TransformAdapter accepted by include/exclude filter: true
2025-02-12T09:52:12.624-06:00 DEBUG 35244 --- [messageFlowProcessor] [restartedMain] o.a.c.s.b.CamelSpringBootRoutesCollector : Java RoutesBuilder: com/example/messageFlowProcessor/processor/ActionFigureToysProcessFlow accepted by include/exclude filter: true
2025-02-12T09:52:12.624-06:00 DEBUG 35244 --- [messageFlowProcessor] [restartedMain] o.a.c.s.b.CamelSpringBootRoutesCollector : Java RoutesBuilder: com/example/messageFlowProcessor/processor/GroceriesProcessFlow accepted by include/exclude filter: true
2025-02-12T09:52:12.624-06:00 DEBUG 35244 --- [messageFlowProcessor] [restartedMain] o.a.c.s.b.CamelSpringBootRoutesCollector : Java RoutesBuilder: com/example/messageFlowProcessor/processor/JewelryProcessFlow accepted by include/exclude filter: true
2025-02-12T09:52:12.624-06:00 DEBUG 35244 --- [messageFlowProcessor] [restartedMain] o.a.c.s.b.CamelSpringBootRoutesCollector : Java RoutesBuilder: com/example/messageFlowProcessor/processor/KidsToysProcessFlow accepted by include/exclude filter: true
2025-02-12T09:52:12.624-06:00 DEBUG 35244 --- [messageFlowProcessor] [restartedMain] o.a.c.s.b.CamelSpringBootRoutesCollector : Java RoutesBuilder: com/example/messageFlowProcessor/processor/ShoeProcessFlow accepted by include/exclude filter: true
2025-02-12T09:52:12.624-06:00 DEBUG 35244 --- [messageFlowProcessor] [restartedMain] org.apache.camel.main.RoutesConfigurer   : Discovered 10 additional RoutesBuilder from registry: classpath:camel/*,classpath:camel-template/*,classpath:camel-rest/*
2025-02-12T09:52:12.625-06:00 DEBUG 35244 --- [messageFlowProcessor] [restartedMain] o.a.c.s.b.CamelSpringBootRoutesCollector : Finding additional routes from: classpath:camel/*
2025-02-12T09:52:12.625-06:00 DEBUG 35244 --- [messageFlowProcessor] [restartedMain] o.a.c.s.b.CamelSpringBootRoutesCollector : Finding additional routes from: classpath:camel-template/*
2025-02-12T09:52:12.625-06:00 DEBUG 35244 --- [messageFlowProcessor] [restartedMain] o.a.c.s.b.CamelSpringBootRoutesCollector : Finding additional routes from: classpath:camel-rest/*
2025-02-12T09:52:12.626-06:00 DEBUG 35244 --- [messageFlowProcessor] [restartedMain] o.a.c.s.b.CamelSpringBootRoutesCollector : No additional RoutesBuilder discovered from: classpath:camel/*,classpath:camel-template/*,classpath:camel-rest/*
2025-02-12T09:52:12.626-06:00 DEBUG 35244 --- [messageFlowProcessor] [restartedMain] org.apache.camel.main.RoutesConfigurer   : Adding routes into CamelContext from RoutesBuilder: Routes: []
2025-02-12T09:52:12.626-06:00 DEBUG 35244 --- [messageFlowProcessor] [restartedMain] o.a.c.impl.engine.AbstractCamelContext   : Adding routes from builder: Routes: []
2025-02-12T09:52:12.630-06:00 DEBUG 35244 --- [messageFlowProcessor] [restartedMain] o.a.c.i.e.DefaultConfigurerResolver      : Found configurer: org.apache.camel.spi.RestConfiguration via type: org.apache.camel.impl.RestConfigurationConfigurer via: META-INF/services/org/apache/camel/configurer/org.apache.camel.spi.RestConfiguration
2025-02-12T09:52:12.632-06:00 DEBUG 35244 --- [messageFlowProcessor] [restartedMain] o.a.c.i.e.DefaultConfigurerResolver      : Found configurer: org.apache.camel.spi.RestConfiguration via type: org.apache.camel.impl.RestConfigurationConfigurer via: META-INF/services/org/apache/camel/configurer/org.apache.camel.spi.RestConfiguration
2025-02-12T09:52:12.632-06:00 DEBUG 35244 --- [messageFlowProcessor] [restartedMain] o.a.c.i.e.DefaultConfigurerResolver      : Found configurer: org.apache.camel.spi.RestConfiguration via type: org.apache.camel.impl.RestConfigurationConfigurer via: META-INF/services/org/apache/camel/configurer/org.apache.camel.spi.RestConfiguration
2025-02-12T09:52:12.633-06:00 DEBUG 35244 --- [messageFlowProcessor] [restartedMain] o.a.c.i.e.DefaultConfigurerResolver      : Found configurer: org.apache.camel.spi.RestConfiguration via type: org.apache.camel.impl.RestConfigurationConfigurer via: META-INF/services/org/apache/camel/configurer/org.apache.camel.spi.RestConfiguration
2025-02-12T09:52:12.633-06:00 DEBUG 35244 --- [messageFlowProcessor] [restartedMain] o.a.c.i.e.DefaultConfigurerResolver      : Found configurer: org.apache.camel.spi.RestConfiguration via type: org.apache.camel.impl.RestConfigurationConfigurer via: META-INF/services/org/apache/camel/configurer/org.apache.camel.spi.RestConfiguration
2025-02-12T09:52:12.633-06:00 DEBUG 35244 --- [messageFlowProcessor] [restartedMain] o.a.c.i.e.DefaultConfigurerResolver      : Found configurer: org.apache.camel.spi.RestConfiguration via type: org.apache.camel.impl.RestConfigurationConfigurer via: META-INF/services/org/apache/camel/configurer/org.apache.camel.spi.RestConfiguration
2025-02-12T09:52:12.633-06:00 DEBUG 35244 --- [messageFlowProcessor] [restartedMain] o.a.c.i.e.DefaultConfigurerResolver      : Found configurer: org.apache.camel.spi.RestConfiguration via type: org.apache.camel.impl.RestConfigurationConfigurer via: META-INF/services/org/apache/camel/configurer/org.apache.camel.spi.RestConfiguration
2025-02-12T09:52:12.633-06:00 DEBUG 35244 --- [messageFlowProcessor] [restartedMain] o.a.c.i.e.DefaultConfigurerResolver      : Found configurer: org.apache.camel.spi.RestConfiguration via type: org.apache.camel.impl.RestConfigurationConfigurer via: META-INF/services/org/apache/camel/configurer/org.apache.camel.spi.RestConfiguration
2025-02-12T09:52:12.634-06:00 DEBUG 35244 --- [messageFlowProcessor] [restartedMain] org.apache.camel.main.RoutesConfigurer   : Adding routes into CamelContext from RoutesBuilder: Routes: []
2025-02-12T09:52:12.634-06:00 DEBUG 35244 --- [messageFlowProcessor] [restartedMain] o.a.c.impl.engine.AbstractCamelContext   : Adding routes from builder: Routes: []
2025-02-12T09:52:12.634-06:00 DEBUG 35244 --- [messageFlowProcessor] [restartedMain] org.apache.camel.main.RoutesConfigurer   : Adding routes into CamelContext from RoutesBuilder: Routes: []
2025-02-12T09:52:12.634-06:00 DEBUG 35244 --- [messageFlowProcessor] [restartedMain] o.a.c.impl.engine.AbstractCamelContext   : Adding routes from builder: Routes: []
2025-02-12T09:52:12.636-06:00 DEBUG 35244 --- [messageFlowProcessor] [restartedMain] org.apache.camel.main.RoutesConfigurer   : Adding routes into CamelContext from RoutesBuilder: Routes: []
2025-02-12T09:52:12.636-06:00 DEBUG 35244 --- [messageFlowProcessor] [restartedMain] o.a.c.impl.engine.AbstractCamelContext   : Adding routes from builder: Routes: []
2025-02-12T09:52:12.636-06:00 DEBUG 35244 --- [messageFlowProcessor] [restartedMain] org.apache.camel.main.RoutesConfigurer   : Adding routes into CamelContext from RoutesBuilder: Routes: []
2025-02-12T09:52:12.636-06:00 DEBUG 35244 --- [messageFlowProcessor] [restartedMain] o.a.c.impl.engine.AbstractCamelContext   : Adding routes from builder: Routes: []
2025-02-12T09:52:12.637-06:00 DEBUG 35244 --- [messageFlowProcessor] [restartedMain] org.apache.camel.main.RoutesConfigurer   : Adding routes into CamelContext from RoutesBuilder: Routes: []
2025-02-12T09:52:12.637-06:00 DEBUG 35244 --- [messageFlowProcessor] [restartedMain] o.a.c.impl.engine.AbstractCamelContext   : Adding routes from builder: Routes: []
2025-02-12T09:52:12.637-06:00 DEBUG 35244 --- [messageFlowProcessor] [restartedMain] org.apache.camel.main.RoutesConfigurer   : Adding routes into CamelContext from RoutesBuilder: Routes: []
2025-02-12T09:52:12.637-06:00 DEBUG 35244 --- [messageFlowProcessor] [restartedMain] o.a.c.impl.engine.AbstractCamelContext   : Adding routes from builder: Routes: []
2025-02-12T09:52:12.637-06:00 DEBUG 35244 --- [messageFlowProcessor] [restartedMain] org.apache.camel.main.RoutesConfigurer   : Adding routes into CamelContext from RoutesBuilder: Routes: []
2025-02-12T09:52:12.637-06:00 DEBUG 35244 --- [messageFlowProcessor] [restartedMain] o.a.c.impl.engine.AbstractCamelContext   : Adding routes from builder: Routes: []
2025-02-12T09:52:12.638-06:00 DEBUG 35244 --- [messageFlowProcessor] [restartedMain] org.apache.camel.main.RoutesConfigurer   : Adding routes into CamelContext from RoutesBuilder: Routes: []
2025-02-12T09:52:12.638-06:00 DEBUG 35244 --- [messageFlowProcessor] [restartedMain] o.a.c.impl.engine.AbstractCamelContext   : Adding routes from builder: Routes: []
2025-02-12T09:52:12.639-06:00 DEBUG 35244 --- [messageFlowProcessor] [restartedMain] org.apache.camel.main.RoutesConfigurer   : Adding routes into CamelContext from RoutesBuilder: Routes: []
2025-02-12T09:52:12.639-06:00 DEBUG 35244 --- [messageFlowProcessor] [restartedMain] o.a.c.impl.engine.AbstractCamelContext   : Adding routes from builder: Routes: []
2025-02-12T09:52:12.639-06:00 DEBUG 35244 --- [messageFlowProcessor] [restartedMain] org.apache.camel.main.RoutesConfigurer   : Adding templated routes into CamelContext from RoutesBuilder: Routes: [Route[From[activemq:entry.in] -> [process[Processor@0x446da42b], Choice[[When[{header{nextHop} == transform} -> [To[activemq:transform.in]]], When[{header{nextHop} == exit} -> [To[activemq:exit.in]]], When[{header{nextHop} == outbound} -> [To[activemq:outboud.in]]]]]]]]
2025-02-12T09:52:12.639-06:00 DEBUG 35244 --- [messageFlowProcessor] [restartedMain] o.a.c.impl.engine.AbstractCamelContext   : Adding templated routes from builder: Routes: [Route[From[activemq:entry.in] -> [process[Processor@0x446da42b], Choice[[When[{header{nextHop} == transform} -> [To[activemq:transform.in]]], When[{header{nextHop} == exit} -> [To[activemq:exit.in]]], When[{header{nextHop} == outbound} -> [To[activemq:outboud.in]]]]]]]]
2025-02-12T09:52:12.639-06:00 DEBUG 35244 --- [messageFlowProcessor] [restartedMain] org.apache.camel.main.RoutesConfigurer   : Adding templated routes into CamelContext from RoutesBuilder: Routes: [Route[From[activemq:exit.in] -> [process[Processor@0x31a89ee7], Choice[[When[{header{nextHop} == outbound} -> [To[activemq:outbound.in]]]]]]]]
2025-02-12T09:52:12.640-06:00 DEBUG 35244 --- [messageFlowProcessor] [restartedMain] o.a.c.impl.engine.AbstractCamelContext   : Adding templated routes from builder: Routes: [Route[From[activemq:exit.in] -> [process[Processor@0x31a89ee7], Choice[[When[{header{nextHop} == outbound} -> [To[activemq:outbound.in]]]]]]]]
2025-02-12T09:52:12.640-06:00 DEBUG 35244 --- [messageFlowProcessor] [restartedMain] org.apache.camel.main.RoutesConfigurer   : Adding templated routes into CamelContext from RoutesBuilder: Routes: [Route[From[activemq:sc1.US.1.in] -> [process[Processor@0x372cc448], Choice[[When[{header{nextHop} == entry} -> [To[activemq:entry.in]]], When[{header{nextHop} == transform} -> [To[activemq:transform.in]]], When[{header{nextHop} == exit} -> [To[activemq:exit.in]]], When[{header{nextHop} == outbound} -> [To[activemq:outboud.in]]]]]]], Route[From[activemq:sc2.MX.2.in] -> [process[Processor@0x7d8bc067], Choice[[When[{header{nextHop} == entry} -> [To[activemq:entry.in]]], When[{header{nextHop} == transform} -> [To[activemq:transform.in]]], When[{header{nextHop} == exit} -> [To[activemq:exit.in]]], When[{header{nextHop} == outbound} -> [To[activemq:outboud.in]]]]]]]]
2025-02-12T09:52:12.640-06:00 DEBUG 35244 --- [messageFlowProcessor] [restartedMain] o.a.c.impl.engine.AbstractCamelContext   : Adding templated routes from builder: Routes: [Route[From[activemq:sc1.US.1.in] -> [process[Processor@0x372cc448], Choice[[When[{header{nextHop} == entry} -> [To[activemq:entry.in]]], When[{header{nextHop} == transform} -> [To[activemq:transform.in]]], When[{header{nextHop} == exit} -> [To[activemq:exit.in]]], When[{header{nextHop} == outbound} -> [To[activemq:outboud.in]]]]]]], Route[From[activemq:sc2.MX.2.in] -> [process[Processor@0x7d8bc067], Choice[[When[{header{nextHop} == entry} -> [To[activemq:entry.in]]], When[{header{nextHop} == transform} -> [To[activemq:transform.in]]], When[{header{nextHop} == exit} -> [To[activemq:exit.in]]], When[{header{nextHop} == outbound} -> [To[activemq:outboud.in]]]]]]]]
2025-02-12T09:52:12.640-06:00 DEBUG 35244 --- [messageFlowProcessor] [restartedMain] org.apache.camel.main.RoutesConfigurer   : Adding templated routes into CamelContext from RoutesBuilder: Routes: [Route[From[activemq:outbound.in] -> [process[Processor@0x54ee7f01], Log[Moving to output queue: ${header.outputQueue}], DynamicTo[activemq:queue:${header.outputQueue}]]]]
2025-02-12T09:52:12.640-06:00 DEBUG 35244 --- [messageFlowProcessor] [restartedMain] o.a.c.impl.engine.AbstractCamelContext   : Adding templated routes from builder: Routes: [Route[From[activemq:outbound.in] -> [process[Processor@0x54ee7f01], Log[Moving to output queue: ${header.outputQueue}], DynamicTo[activemq:queue:${header.outputQueue}]]]]
2025-02-12T09:52:12.640-06:00 DEBUG 35244 --- [messageFlowProcessor] [restartedMain] org.apache.camel.main.RoutesConfigurer   : Adding templated routes into CamelContext from RoutesBuilder: Routes: [Route[From[activemq:transform.in] -> [process[Processor@0x21448cdd], Choice[[When[{header{nextHop} == categoryFlow} -> [DynamicTo[activemq:${header.categoryProcessFlow}.in]]], When[{header{nextHop} == exit} -> [To[activemq:exit.in]]], When[{header{nextHop} == outbound} -> [To[activemq:outboud.in]]]]]]]]
2025-02-12T09:52:12.640-06:00 DEBUG 35244 --- [messageFlowProcessor] [restartedMain] o.a.c.impl.engine.AbstractCamelContext   : Adding templated routes from builder: Routes: [Route[From[activemq:transform.in] -> [process[Processor@0x21448cdd], Choice[[When[{header{nextHop} == categoryFlow} -> [DynamicTo[activemq:${header.categoryProcessFlow}.in]]], When[{header{nextHop} == exit} -> [To[activemq:exit.in]]], When[{header{nextHop} == outbound} -> [To[activemq:outboud.in]]]]]]]]
2025-02-12T09:52:12.640-06:00 DEBUG 35244 --- [messageFlowProcessor] [restartedMain] org.apache.camel.main.RoutesConfigurer   : Adding templated routes into CamelContext from RoutesBuilder: Routes: [Route[From[activemq:actionFigureToysProcessFlow.in] -> [Log[Processing Action Figure Toys Order], process[Processor@0x701b1239], Choice[[When[{header{nextHop} == exit} -> [To[activemq:exit.in]]], When[{header{nextHop} == outbound} -> [To[activemq:outboud.in]]]]]]]]
2025-02-12T09:52:12.640-06:00 DEBUG 35244 --- [messageFlowProcessor] [restartedMain] o.a.c.impl.engine.AbstractCamelContext   : Adding templated routes from builder: Routes: [Route[From[activemq:actionFigureToysProcessFlow.in] -> [Log[Processing Action Figure Toys Order], process[Processor@0x701b1239], Choice[[When[{header{nextHop} == exit} -> [To[activemq:exit.in]]], When[{header{nextHop} == outbound} -> [To[activemq:outboud.in]]]]]]]]
2025-02-12T09:52:12.640-06:00 DEBUG 35244 --- [messageFlowProcessor] [restartedMain] org.apache.camel.main.RoutesConfigurer   : Adding templated routes into CamelContext from RoutesBuilder: Routes: [Route[From[activemq:groceriesProcessFlow.in] -> [Log[Processing Groceries Order], process[Processor@0x53b07ca5], Choice[[When[{header{nextHop} == exit} -> [To[activemq:exit.in]]], When[{header{nextHop} == outbound} -> [To[activemq:outboud.in]]]]]]]]
2025-02-12T09:52:12.640-06:00 DEBUG 35244 --- [messageFlowProcessor] [restartedMain] o.a.c.impl.engine.AbstractCamelContext   : Adding templated routes from builder: Routes: [Route[From[activemq:groceriesProcessFlow.in] -> [Log[Processing Groceries Order], process[Processor@0x53b07ca5], Choice[[When[{header{nextHop} == exit} -> [To[activemq:exit.in]]], When[{header{nextHop} == outbound} -> [To[activemq:outboud.in]]]]]]]]
2025-02-12T09:52:12.640-06:00 DEBUG 35244 --- [messageFlowProcessor] [restartedMain] org.apache.camel.main.RoutesConfigurer   : Adding templated routes into CamelContext from RoutesBuilder: Routes: [Route[From[activemq:jewelryProcessFlow.in] -> [Log[Processing Jewelry Order], process[Processor@0x748107a5], Choice[[When[{header{nextHop} == exit} -> [To[activemq:exit.in]]], When[{header{nextHop} == outbound} -> [To[activemq:outboud.in]]]]]]]]
2025-02-12T09:52:12.640-06:00 DEBUG 35244 --- [messageFlowProcessor] [restartedMain] o.a.c.impl.engine.AbstractCamelContext   : Adding templated routes from builder: Routes: [Route[From[activemq:jewelryProcessFlow.in] -> [Log[Processing Jewelry Order], process[Processor@0x748107a5], Choice[[When[{header{nextHop} == exit} -> [To[activemq:exit.in]]], When[{header{nextHop} == outbound} -> [To[activemq:outboud.in]]]]]]]]
2025-02-12T09:52:12.640-06:00 DEBUG 35244 --- [messageFlowProcessor] [restartedMain] org.apache.camel.main.RoutesConfigurer   : Adding templated routes into CamelContext from RoutesBuilder: Routes: [Route[From[activemq:kidsToysProcessFlow.in] -> [Log[Processing Kids Toys Order], process[Processor@0x71265f8c], Choice[[When[{header{nextHop} == exit} -> [To[activemq:exit.in]]], When[{header{nextHop} == outbound} -> [To[activemq:outboud.in]]]]]]]]
2025-02-12T09:52:12.640-06:00 DEBUG 35244 --- [messageFlowProcessor] [restartedMain] o.a.c.impl.engine.AbstractCamelContext   : Adding templated routes from builder: Routes: [Route[From[activemq:kidsToysProcessFlow.in] -> [Log[Processing Kids Toys Order], process[Processor@0x71265f8c], Choice[[When[{header{nextHop} == exit} -> [To[activemq:exit.in]]], When[{header{nextHop} == outbound} -> [To[activemq:outboud.in]]]]]]]]
2025-02-12T09:52:12.640-06:00 DEBUG 35244 --- [messageFlowProcessor] [restartedMain] org.apache.camel.main.RoutesConfigurer   : Adding templated routes into CamelContext from RoutesBuilder: Routes: [Route[From[activemq:shoeProcessFlow.in] -> [Log[Processing Shoe Order], process[Processor@0x5984014b], Choice[[When[{header{nextHop} == exit} -> [To[activemq:exit.in]]], When[{header{nextHop} == outbound} -> [To[activemq:outboud.in]]]]]]]]
2025-02-12T09:52:12.640-06:00 DEBUG 35244 --- [messageFlowProcessor] [restartedMain] o.a.c.impl.engine.AbstractCamelContext   : Adding templated routes from builder: Routes: [Route[From[activemq:shoeProcessFlow.in] -> [Log[Processing Shoe Order], process[Processor@0x5984014b], Choice[[When[{header{nextHop} == exit} -> [To[activemq:exit.in]]], When[{header{nextHop} == outbound} -> [To[activemq:outboud.in]]]]]]]]
2025-02-12T09:52:12.642-06:00 DEBUG 35244 --- [messageFlowProcessor] [restartedMain] o.a.camel.spring.SpringCamelContext      : onApplicationEvent: org.springframework.context.event.ContextRefreshedEvent[source=org.springframework.boot.web.servlet.context.AnnotationConfigServletWebServerApplicationContext@15be54e3, started on Wed Feb 12 09:52:11 CST 2025]
2025-02-12T09:52:12.643-06:00 DEBUG 35244 --- [messageFlowProcessor] [restartedMain] o.a.c.impl.engine.AbstractCamelContext   : Resolving language: simple
2025-02-12T09:52:12.643-06:00 DEBUG 35244 --- [messageFlowProcessor] [restartedMain] o.apache.camel.support.ResolverHelper    : Lookup Language with name simple in registry. Found: null
2025-02-12T09:52:12.643-06:00 DEBUG 35244 --- [messageFlowProcessor] [restartedMain] o.apache.camel.support.ResolverHelper    : Lookup Language with name simple-language in registry. Found: null
2025-02-12T09:52:12.644-06:00 DEBUG 35244 --- [messageFlowProcessor] [restartedMain] o.a.c.language.simple.SimpleLanguage     : Simple language predicate/expression cache size: 1000
2025-02-12T09:52:12.649-06:00 DEBUG 35244 --- [messageFlowProcessor] [restartedMain] o.a.c.impl.engine.AbstractCamelContext   : Using ComponentResolver: org.apache.camel.impl.engine.DefaultComponentResolver@2dd7fa05 to resolve component with name: activemq
2025-02-12T09:52:12.649-06:00 DEBUG 35244 --- [messageFlowProcessor] [restartedMain] o.apache.camel.support.ResolverHelper    : Lookup Component with name activemq in registry. Found: null
2025-02-12T09:52:12.649-06:00 DEBUG 35244 --- [messageFlowProcessor] [restartedMain] o.apache.camel.support.ResolverHelper    : Lookup Component with name activemq-component in registry. Found: null
2025-02-12T09:52:12.650-06:00 DEBUG 35244 --- [messageFlowProcessor] [restartedMain] o.a.c.i.engine.DefaultComponentResolver  : Found component: activemq via type: org.apache.camel.component.activemq.ActiveMQComponent via: META-INF/services/org/apache/camel/component/activemq
2025-02-12T09:52:12.656-06:00 DEBUG 35244 --- [messageFlowProcessor] [restartedMain] o.a.c.i.e.DefaultConfigurerResolver      : Found configurer: activemq-component via type: org.apache.camel.component.activemq.ActiveMQComponentConfigurer via: META-INF/services/org/apache/camel/configurer/activemq-component
2025-02-12T09:52:12.657-06:00 DEBUG 35244 --- [messageFlowProcessor] [restartedMain] o.a.c.i.e.DefaultConfigurerResolver      : Found configurer: activemq-endpoint via type: org.apache.camel.component.activemq.ActiveMQEndpointConfigurer via: META-INF/services/org/apache/camel/configurer/activemq-endpoint
2025-02-12T09:52:12.662-06:00 DEBUG 35244 --- [messageFlowProcessor] [restartedMain] o.a.c.i.e.DefaultConfigurerResolver      : Found configurer: activemq-component via type: org.apache.camel.component.activemq.ActiveMQComponentConfigurer via: META-INF/services/org/apache/camel/configurer/activemq-component
2025-02-12T09:52:12.662-06:00 DEBUG 35244 --- [messageFlowProcessor] [restartedMain] o.apache.camel.support.DefaultComponent  : Creating endpoint uri=[activemq://entry.in], path=[entry.in]
2025-02-12T09:52:12.662-06:00 DEBUG 35244 --- [messageFlowProcessor] [restartedMain] o.a.c.impl.engine.AbstractCamelContext   : activemq://entry.in converted to endpoint: activemq://entry.in by component: org.apache.camel.component.activemq.ActiveMQComponent@224e1e49
2025-02-12T09:52:12.663-06:00 DEBUG 35244 --- [messageFlowProcessor] [restartedMain] o.apache.camel.support.ResolverHelper    : Found ProcessorFactory: org.apache.camel.processor.DefaultProcessorFactory via: META-INF/services/org/apache/camel/processor-factory
2025-02-12T09:52:12.663-06:00 DEBUG 35244 --- [messageFlowProcessor] [restartedMain] o.apache.camel.support.ResolverHelper    : Detected and using ProcessorFactory: org.apache.camel.processor.DefaultProcessorFactory@5b97eb83
2025-02-12T09:52:12.664-06:00 DEBUG 35244 --- [messageFlowProcessor] [restartedMain] o.apache.camel.support.ResolverHelper    : Found InternalProcessorFactory: org.apache.camel.processor.DefaultInternalProcessorFactory via: META-INF/services/org/apache/camel/internal-processor-factory
2025-02-12T09:52:12.665-06:00 DEBUG 35244 --- [messageFlowProcessor] [restartedMain] o.apache.camel.support.ResolverHelper    : Detected and using InternalProcessorFactory: org.apache.camel.processor.DefaultInternalProcessorFactory@7af707c9
2025-02-12T09:52:12.668-06:00 DEBUG 35244 --- [messageFlowProcessor] [restartedMain] o.apache.camel.support.DefaultComponent  : Creating endpoint uri=[activemq://transform.in], path=[transform.in]
2025-02-12T09:52:12.668-06:00 DEBUG 35244 --- [messageFlowProcessor] [restartedMain] o.a.c.impl.engine.AbstractCamelContext   : activemq://transform.in converted to endpoint: activemq://transform.in by component: org.apache.camel.component.activemq.ActiveMQComponent@224e1e49
2025-02-12T09:52:12.668-06:00 DEBUG 35244 --- [messageFlowProcessor] [restartedMain] o.a.c.impl.engine.AbstractCamelContext   : Resolving language: header
2025-02-12T09:52:12.668-06:00 DEBUG 35244 --- [messageFlowProcessor] [restartedMain] o.apache.camel.support.ResolverHelper    : Lookup Language with name header in registry. Found: null
2025-02-12T09:52:12.668-06:00 DEBUG 35244 --- [messageFlowProcessor] [restartedMain] o.apache.camel.support.ResolverHelper    : Lookup Language with name header-language in registry. Found: null
2025-02-12T09:52:12.672-06:00 DEBUG 35244 --- [messageFlowProcessor] [restartedMain] o.apache.camel.support.DefaultComponent  : Creating endpoint uri=[activemq://exit.in], path=[exit.in]
2025-02-12T09:52:12.672-06:00 DEBUG 35244 --- [messageFlowProcessor] [restartedMain] o.a.c.impl.engine.AbstractCamelContext   : activemq://exit.in converted to endpoint: activemq://exit.in by component: org.apache.camel.component.activemq.ActiveMQComponent@224e1e49
2025-02-12T09:52:12.673-06:00 DEBUG 35244 --- [messageFlowProcessor] [restartedMain] o.a.c.impl.engine.AbstractCamelContext   : Resolving language: header
2025-02-12T09:52:12.673-06:00 DEBUG 35244 --- [messageFlowProcessor] [restartedMain] o.apache.camel.support.DefaultComponent  : Creating endpoint uri=[activemq://outboud.in], path=[outboud.in]
2025-02-12T09:52:12.673-06:00 DEBUG 35244 --- [messageFlowProcessor] [restartedMain] o.a.c.impl.engine.AbstractCamelContext   : activemq://outboud.in converted to endpoint: activemq://outboud.in by component: org.apache.camel.component.activemq.ActiveMQComponent@224e1e49
2025-02-12T09:52:12.673-06:00 DEBUG 35244 --- [messageFlowProcessor] [restartedMain] o.a.c.impl.engine.AbstractCamelContext   : Resolving language: header
2025-02-12T09:52:12.674-06:00 DEBUG 35244 --- [messageFlowProcessor] [restartedMain] o.apache.camel.support.DefaultComponent  : Creating endpoint uri=[activemq://outbound.in], path=[outbound.in]
2025-02-12T09:52:12.674-06:00 DEBUG 35244 --- [messageFlowProcessor] [restartedMain] o.a.c.impl.engine.AbstractCamelContext   : activemq://outbound.in converted to endpoint: activemq://outbound.in by component: org.apache.camel.component.activemq.ActiveMQComponent@224e1e49
2025-02-12T09:52:12.674-06:00 DEBUG 35244 --- [messageFlowProcessor] [restartedMain] o.a.c.impl.engine.AbstractCamelContext   : Resolving language: header
2025-02-12T09:52:12.675-06:00 DEBUG 35244 --- [messageFlowProcessor] [restartedMain] o.apache.camel.support.DefaultComponent  : Creating endpoint uri=[activemq://sc1.US.1.in], path=[sc1.US.1.in]
2025-02-12T09:52:12.675-06:00 DEBUG 35244 --- [messageFlowProcessor] [restartedMain] o.a.c.impl.engine.AbstractCamelContext   : activemq://sc1.US.1.in converted to endpoint: activemq://sc1.US.1.in by component: org.apache.camel.component.activemq.ActiveMQComponent@224e1e49
2025-02-12T09:52:12.675-06:00 DEBUG 35244 --- [messageFlowProcessor] [restartedMain] o.a.c.impl.engine.AbstractCamelContext   : Resolving language: header
2025-02-12T09:52:12.675-06:00 DEBUG 35244 --- [messageFlowProcessor] [restartedMain] o.a.c.impl.engine.AbstractCamelContext   : Resolving language: header
2025-02-12T09:52:12.675-06:00 DEBUG 35244 --- [messageFlowProcessor] [restartedMain] o.a.c.impl.engine.AbstractCamelContext   : Resolving language: header
2025-02-12T09:52:12.675-06:00 DEBUG 35244 --- [messageFlowProcessor] [restartedMain] o.a.c.impl.engine.AbstractCamelContext   : Resolving language: header
2025-02-12T09:52:12.675-06:00 DEBUG 35244 --- [messageFlowProcessor] [restartedMain] o.apache.camel.support.DefaultComponent  : Creating endpoint uri=[activemq://sc2.MX.2.in], path=[sc2.MX.2.in]
2025-02-12T09:52:12.675-06:00 DEBUG 35244 --- [messageFlowProcessor] [restartedMain] o.a.c.impl.engine.AbstractCamelContext   : activemq://sc2.MX.2.in converted to endpoint: activemq://sc2.MX.2.in by component: org.apache.camel.component.activemq.ActiveMQComponent@224e1e49
2025-02-12T09:52:12.676-06:00 DEBUG 35244 --- [messageFlowProcessor] [restartedMain] o.a.c.impl.engine.AbstractCamelContext   : Resolving language: header
2025-02-12T09:52:12.676-06:00 DEBUG 35244 --- [messageFlowProcessor] [restartedMain] o.a.c.impl.engine.AbstractCamelContext   : Resolving language: header
2025-02-12T09:52:12.676-06:00 DEBUG 35244 --- [messageFlowProcessor] [restartedMain] o.a.c.impl.engine.AbstractCamelContext   : Resolving language: header
2025-02-12T09:52:12.676-06:00 DEBUG 35244 --- [messageFlowProcessor] [restartedMain] o.a.c.impl.engine.AbstractCamelContext   : Resolving language: header
2025-02-12T09:52:12.677-06:00 DEBUG 35244 --- [messageFlowProcessor] [restartedMain] o.a.c.impl.engine.AbstractCamelContext   : Resolving language: simple
2025-02-12T09:52:12.678-06:00 DEBUG 35244 --- [messageFlowProcessor] [restartedMain] org.apache.camel.reifier.LogReifier      : LogName is not configured, using route id as logName: route172
2025-02-12T09:52:12.679-06:00 DEBUG 35244 --- [messageFlowProcessor] [restartedMain] o.a.c.impl.engine.AbstractCamelContext   : Resolving language: simple
2025-02-12T09:52:12.679-06:00 DEBUG 35244 --- [messageFlowProcessor] [restartedMain] o.a.c.impl.engine.AbstractCamelContext   : Resolving language: simple
2025-02-12T09:52:12.680-06:00 DEBUG 35244 --- [messageFlowProcessor] [restartedMain] o.a.c.impl.engine.AbstractCamelContext   : Resolving language: header
2025-02-12T09:52:12.680-06:00 DEBUG 35244 --- [messageFlowProcessor] [restartedMain] o.a.c.impl.engine.AbstractCamelContext   : Resolving language: header
2025-02-12T09:52:12.680-06:00 DEBUG 35244 --- [messageFlowProcessor] [restartedMain] o.a.c.impl.engine.AbstractCamelContext   : Resolving language: header
2025-02-12T09:52:12.680-06:00 DEBUG 35244 --- [messageFlowProcessor] [restartedMain] o.apache.camel.support.DefaultComponent  : Creating endpoint uri=[activemq://actionFigureToysProcessFlow.in], path=[actionFigureToysProcessFlow.in]
2025-02-12T09:52:12.680-06:00 DEBUG 35244 --- [messageFlowProcessor] [restartedMain] o.a.c.impl.engine.AbstractCamelContext   : activemq://actionFigureToysProcessFlow.in converted to endpoint: activemq://actionFigureToysProcessFlow.in by component: org.apache.camel.component.activemq.ActiveMQComponent@224e1e49
2025-02-12T09:52:12.680-06:00 DEBUG 35244 --- [messageFlowProcessor] [restartedMain] org.apache.camel.reifier.LogReifier      : LogName is not configured, using route id as logName: route174
2025-02-12T09:52:12.681-06:00 DEBUG 35244 --- [messageFlowProcessor] [restartedMain] o.a.c.impl.engine.AbstractCamelContext   : Resolving language: header
2025-02-12T09:52:12.681-06:00 DEBUG 35244 --- [messageFlowProcessor] [restartedMain] o.a.c.impl.engine.AbstractCamelContext   : Resolving language: header
2025-02-12T09:52:12.681-06:00 DEBUG 35244 --- [messageFlowProcessor] [restartedMain] o.apache.camel.support.DefaultComponent  : Creating endpoint uri=[activemq://groceriesProcessFlow.in], path=[groceriesProcessFlow.in]
2025-02-12T09:52:12.682-06:00 DEBUG 35244 --- [messageFlowProcessor] [restartedMain] o.a.c.impl.engine.AbstractCamelContext   : activemq://groceriesProcessFlow.in converted to endpoint: activemq://groceriesProcessFlow.in by component: org.apache.camel.component.activemq.ActiveMQComponent@224e1e49
2025-02-12T09:52:12.682-06:00 DEBUG 35244 --- [messageFlowProcessor] [restartedMain] org.apache.camel.reifier.LogReifier      : LogName is not configured, using route id as logName: route175
2025-02-12T09:52:12.682-06:00 DEBUG 35244 --- [messageFlowProcessor] [restartedMain] o.a.c.impl.engine.AbstractCamelContext   : Resolving language: header
2025-02-12T09:52:12.683-06:00 DEBUG 35244 --- [messageFlowProcessor] [restartedMain] o.a.c.impl.engine.AbstractCamelContext   : Resolving language: header
2025-02-12T09:52:12.683-06:00 DEBUG 35244 --- [messageFlowProcessor] [restartedMain] o.apache.camel.support.DefaultComponent  : Creating endpoint uri=[activemq://jewelryProcessFlow.in], path=[jewelryProcessFlow.in]
2025-02-12T09:52:12.683-06:00 DEBUG 35244 --- [messageFlowProcessor] [restartedMain] o.a.c.impl.engine.AbstractCamelContext   : activemq://jewelryProcessFlow.in converted to endpoint: activemq://jewelryProcessFlow.in by component: org.apache.camel.component.activemq.ActiveMQComponent@224e1e49
2025-02-12T09:52:12.684-06:00 DEBUG 35244 --- [messageFlowProcessor] [restartedMain] org.apache.camel.reifier.LogReifier      : LogName is not configured, using route id as logName: route176
2025-02-12T09:52:12.684-06:00 DEBUG 35244 --- [messageFlowProcessor] [restartedMain] o.a.c.impl.engine.AbstractCamelContext   : Resolving language: header
2025-02-12T09:52:12.684-06:00 DEBUG 35244 --- [messageFlowProcessor] [restartedMain] o.a.c.impl.engine.AbstractCamelContext   : Resolving language: header
2025-02-12T09:52:12.684-06:00 DEBUG 35244 --- [messageFlowProcessor] [restartedMain] o.apache.camel.support.DefaultComponent  : Creating endpoint uri=[activemq://kidsToysProcessFlow.in], path=[kidsToysProcessFlow.in]
2025-02-12T09:52:12.685-06:00 DEBUG 35244 --- [messageFlowProcessor] [restartedMain] o.a.c.impl.engine.AbstractCamelContext   : activemq://kidsToysProcessFlow.in converted to endpoint: activemq://kidsToysProcessFlow.in by component: org.apache.camel.component.activemq.ActiveMQComponent@224e1e49
2025-02-12T09:52:12.685-06:00 DEBUG 35244 --- [messageFlowProcessor] [restartedMain] org.apache.camel.reifier.LogReifier      : LogName is not configured, using route id as logName: route177
2025-02-12T09:52:12.686-06:00 DEBUG 35244 --- [messageFlowProcessor] [restartedMain] o.a.c.impl.engine.AbstractCamelContext   : Resolving language: header
2025-02-12T09:52:12.686-06:00 DEBUG 35244 --- [messageFlowProcessor] [restartedMain] o.a.c.impl.engine.AbstractCamelContext   : Resolving language: header
2025-02-12T09:52:12.686-06:00 DEBUG 35244 --- [messageFlowProcessor] [restartedMain] o.apache.camel.support.DefaultComponent  : Creating endpoint uri=[activemq://shoeProcessFlow.in], path=[shoeProcessFlow.in]
2025-02-12T09:52:12.686-06:00 DEBUG 35244 --- [messageFlowProcessor] [restartedMain] o.a.c.impl.engine.AbstractCamelContext   : activemq://shoeProcessFlow.in converted to endpoint: activemq://shoeProcessFlow.in by component: org.apache.camel.component.activemq.ActiveMQComponent@224e1e49
2025-02-12T09:52:12.687-06:00 DEBUG 35244 --- [messageFlowProcessor] [restartedMain] org.apache.camel.reifier.LogReifier      : LogName is not configured, using route id as logName: route178
2025-02-12T09:52:12.687-06:00 DEBUG 35244 --- [messageFlowProcessor] [restartedMain] o.a.c.impl.engine.AbstractCamelContext   : Resolving language: header
2025-02-12T09:52:12.687-06:00 DEBUG 35244 --- [messageFlowProcessor] [restartedMain] o.a.c.impl.engine.AbstractCamelContext   : Resolving language: header
2025-02-12T09:52:12.687-06:00 DEBUG 35244 --- [messageFlowProcessor] [restartedMain] o.a.c.i.e.InternalRouteStartupManager    : Initializing route id: route168
2025-02-12T09:52:12.687-06:00 DEBUG 35244 --- [messageFlowProcessor] [restartedMain] o.a.camel.component.jms.JmsEndpoint      : Using destinationName: entry.in on listenerContainer: org.apache.camel.component.jms.DefaultJmsMessageListenerContainer@394b8e99
2025-02-12T09:52:12.687-06:00 DEBUG 35244 --- [messageFlowProcessor] [restartedMain] o.a.c.i.e.BaseExecutorServiceManager     : Created new CachedThreadPool for source: Consumer[activemq://entry.in] with name: JmsConsumer[entry.in]. -> java.util.concurrent.ThreadPoolExecutor@79ee57dc[Running, pool size = 0, active threads = 0, queued tasks = 0, completed tasks = 0]
2025-02-12T09:52:12.687-06:00 DEBUG 35244 --- [messageFlowProcessor] [restartedMain] o.a.c.i.e.InternalRouteStartupManager    : Initializing route id: route169
2025-02-12T09:52:12.687-06:00 DEBUG 35244 --- [messageFlowProcessor] [restartedMain] o.a.camel.component.jms.JmsEndpoint      : Using destinationName: exit.in on listenerContainer: org.apache.camel.component.jms.DefaultJmsMessageListenerContainer@434c95d5
2025-02-12T09:52:12.688-06:00 DEBUG 35244 --- [messageFlowProcessor] [restartedMain] o.a.c.i.e.BaseExecutorServiceManager     : Created new CachedThreadPool for source: Consumer[activemq://exit.in] with name: JmsConsumer[exit.in]. -> java.util.concurrent.ThreadPoolExecutor@21021b57[Running, pool size = 0, active threads = 0, queued tasks = 0, completed tasks = 0]
2025-02-12T09:52:12.688-06:00 DEBUG 35244 --- [messageFlowProcessor] [restartedMain] o.a.c.i.e.InternalRouteStartupManager    : Initializing route id: route170
2025-02-12T09:52:12.688-06:00 DEBUG 35244 --- [messageFlowProcessor] [restartedMain] o.a.camel.component.jms.JmsEndpoint      : Using destinationName: sc1.US.1.in on listenerContainer: org.apache.camel.component.jms.DefaultJmsMessageListenerContainer@56dae5d0
2025-02-12T09:52:12.688-06:00 DEBUG 35244 --- [messageFlowProcessor] [restartedMain] o.a.c.i.e.BaseExecutorServiceManager     : Created new CachedThreadPool for source: Consumer[activemq://sc1.US.1.in] with name: JmsConsumer[sc1.US.1.in]. -> java.util.concurrent.ThreadPoolExecutor@696b396f[Running, pool size = 0, active threads = 0, queued tasks = 0, completed tasks = 0]
2025-02-12T09:52:12.688-06:00 DEBUG 35244 --- [messageFlowProcessor] [restartedMain] o.a.c.i.e.InternalRouteStartupManager    : Initializing route id: route171
2025-02-12T09:52:12.688-06:00 DEBUG 35244 --- [messageFlowProcessor] [restartedMain] o.a.camel.component.jms.JmsEndpoint      : Using destinationName: sc2.MX.2.in on listenerContainer: org.apache.camel.component.jms.DefaultJmsMessageListenerContainer@6d3db42
2025-02-12T09:52:12.688-06:00 DEBUG 35244 --- [messageFlowProcessor] [restartedMain] o.a.c.i.e.BaseExecutorServiceManager     : Created new CachedThreadPool for source: Consumer[activemq://sc2.MX.2.in] with name: JmsConsumer[sc2.MX.2.in]. -> java.util.concurrent.ThreadPoolExecutor@54930c3a[Running, pool size = 0, active threads = 0, queued tasks = 0, completed tasks = 0]
2025-02-12T09:52:12.688-06:00 DEBUG 35244 --- [messageFlowProcessor] [restartedMain] o.a.c.i.e.InternalRouteStartupManager    : Initializing route id: route172
2025-02-12T09:52:12.688-06:00 DEBUG 35244 --- [messageFlowProcessor] [restartedMain] o.a.camel.component.jms.JmsEndpoint      : Using destinationName: outbound.in on listenerContainer: org.apache.camel.component.jms.DefaultJmsMessageListenerContainer@5a950d15
2025-02-12T09:52:12.688-06:00 DEBUG 35244 --- [messageFlowProcessor] [restartedMain] o.a.c.i.e.BaseExecutorServiceManager     : Created new CachedThreadPool for source: Consumer[activemq://outbound.in] with name: JmsConsumer[outbound.in]. -> java.util.concurrent.ThreadPoolExecutor@c55b8fa[Running, pool size = 0, active threads = 0, queued tasks = 0, completed tasks = 0]
2025-02-12T09:52:12.689-06:00 DEBUG 35244 --- [messageFlowProcessor] [restartedMain] o.a.c.p.SendDynamicAwareResolver         : Found SendDynamicAware: org.apache.camel.component.activemq.ActiveMQSendDynamicAware via: META-INF/services/org/apache/camel/send-dynamic/activemq
2025-02-12T09:52:12.691-06:00 DEBUG 35244 --- [messageFlowProcessor] [restartedMain] o.a.c.processor.SendDynamicProcessor     : Detected SendDynamicAware component: activemq optimising toD: activemq:queue:${header.outputQueue}
2025-02-12T09:52:12.691-06:00 DEBUG 35244 --- [messageFlowProcessor] [restartedMain] o.a.c.i.e.InternalRouteStartupManager    : Initializing route id: route173
2025-02-12T09:52:12.691-06:00 DEBUG 35244 --- [messageFlowProcessor] [restartedMain] o.a.camel.component.jms.JmsEndpoint      : Using destinationName: transform.in on listenerContainer: org.apache.camel.component.jms.DefaultJmsMessageListenerContainer@3a9a6000
2025-02-12T09:52:12.691-06:00 DEBUG 35244 --- [messageFlowProcessor] [restartedMain] o.a.c.i.e.BaseExecutorServiceManager     : Created new CachedThreadPool for source: Consumer[activemq://transform.in] with name: JmsConsumer[transform.in]. -> java.util.concurrent.ThreadPoolExecutor@13adaf81[Running, pool size = 0, active threads = 0, queued tasks = 0, completed tasks = 0]
2025-02-12T09:52:12.692-06:00 DEBUG 35244 --- [messageFlowProcessor] [restartedMain] o.a.c.p.SendDynamicAwareResolver         : Found SendDynamicAware: org.apache.camel.component.activemq.ActiveMQSendDynamicAware via: META-INF/services/org/apache/camel/send-dynamic/activemq
2025-02-12T09:52:12.692-06:00 DEBUG 35244 --- [messageFlowProcessor] [restartedMain] o.a.c.processor.SendDynamicProcessor     : Detected SendDynamicAware component: activemq optimising toD: activemq:${header.categoryProcessFlow}.in
2025-02-12T09:52:12.692-06:00 DEBUG 35244 --- [messageFlowProcessor] [restartedMain] o.a.c.i.e.InternalRouteStartupManager    : Initializing route id: route174
2025-02-12T09:52:12.692-06:00 DEBUG 35244 --- [messageFlowProcessor] [restartedMain] o.a.camel.component.jms.JmsEndpoint      : Using destinationName: actionFigureToysProcessFlow.in on listenerContainer: org.apache.camel.component.jms.DefaultJmsMessageListenerContainer@453dbd52
2025-02-12T09:52:12.692-06:00 DEBUG 35244 --- [messageFlowProcessor] [restartedMain] o.a.c.i.e.BaseExecutorServiceManager     : Created new CachedThreadPool for source: Consumer[activemq://actionFigureToysProcessFlow.in] with name: JmsConsumer[actionFigureToysProcessFlow.in]. -> java.util.concurrent.ThreadPoolExecutor@51b7fe33[Running, pool size = 0, active threads = 0, queued tasks = 0, completed tasks = 0]
2025-02-12T09:52:12.692-06:00 DEBUG 35244 --- [messageFlowProcessor] [restartedMain] o.a.c.i.e.InternalRouteStartupManager    : Initializing route id: route175
2025-02-12T09:52:12.692-06:00 DEBUG 35244 --- [messageFlowProcessor] [restartedMain] o.a.camel.component.jms.JmsEndpoint      : Using destinationName: groceriesProcessFlow.in on listenerContainer: org.apache.camel.component.jms.DefaultJmsMessageListenerContainer@416f5a63
2025-02-12T09:52:12.692-06:00 DEBUG 35244 --- [messageFlowProcessor] [restartedMain] o.a.c.i.e.BaseExecutorServiceManager     : Created new CachedThreadPool for source: Consumer[activemq://groceriesProcessFlow.in] with name: JmsConsumer[groceriesProcessFlow.in]. -> java.util.concurrent.ThreadPoolExecutor@475c180c[Running, pool size = 0, active threads = 0, queued tasks = 0, completed tasks = 0]
2025-02-12T09:52:12.692-06:00 DEBUG 35244 --- [messageFlowProcessor] [restartedMain] o.a.c.i.e.InternalRouteStartupManager    : Initializing route id: route176
2025-02-12T09:52:12.692-06:00 DEBUG 35244 --- [messageFlowProcessor] [restartedMain] o.a.camel.component.jms.JmsEndpoint      : Using destinationName: jewelryProcessFlow.in on listenerContainer: org.apache.camel.component.jms.DefaultJmsMessageListenerContainer@7ef9e315
2025-02-12T09:52:12.693-06:00 DEBUG 35244 --- [messageFlowProcessor] [restartedMain] o.a.c.i.e.BaseExecutorServiceManager     : Created new CachedThreadPool for source: Consumer[activemq://jewelryProcessFlow.in] with name: JmsConsumer[jewelryProcessFlow.in]. -> java.util.concurrent.ThreadPoolExecutor@2d3e2f68[Running, pool size = 0, active threads = 0, queued tasks = 0, completed tasks = 0]
2025-02-12T09:52:12.693-06:00 DEBUG 35244 --- [messageFlowProcessor] [restartedMain] o.a.c.i.e.InternalRouteStartupManager    : Initializing route id: route177
2025-02-12T09:52:12.693-06:00 DEBUG 35244 --- [messageFlowProcessor] [restartedMain] o.a.camel.component.jms.JmsEndpoint      : Using destinationName: kidsToysProcessFlow.in on listenerContainer: org.apache.camel.component.jms.DefaultJmsMessageListenerContainer@50f51671
2025-02-12T09:52:12.693-06:00 DEBUG 35244 --- [messageFlowProcessor] [restartedMain] o.a.c.i.e.BaseExecutorServiceManager     : Created new CachedThreadPool for source: Consumer[activemq://kidsToysProcessFlow.in] with name: JmsConsumer[kidsToysProcessFlow.in]. -> java.util.concurrent.ThreadPoolExecutor@6d19fd2[Running, pool size = 0, active threads = 0, queued tasks = 0, completed tasks = 0]
2025-02-12T09:52:12.693-06:00 DEBUG 35244 --- [messageFlowProcessor] [restartedMain] o.a.c.i.e.InternalRouteStartupManager    : Initializing route id: route178
2025-02-12T09:52:12.693-06:00 DEBUG 35244 --- [messageFlowProcessor] [restartedMain] o.a.camel.component.jms.JmsEndpoint      : Using destinationName: shoeProcessFlow.in on listenerContainer: org.apache.camel.component.jms.DefaultJmsMessageListenerContainer@33972506
2025-02-12T09:52:12.693-06:00 DEBUG 35244 --- [messageFlowProcessor] [restartedMain] o.a.c.i.e.BaseExecutorServiceManager     : Created new CachedThreadPool for source: Consumer[activemq://shoeProcessFlow.in] with name: JmsConsumer[shoeProcessFlow.in]. -> java.util.concurrent.ThreadPoolExecutor@40955d02[Running, pool size = 0, active threads = 0, queued tasks = 0, completed tasks = 0]
2025-02-12T09:52:12.694-06:00 DEBUG 35244 --- [messageFlowProcessor] [restartedMain] o.a.c.impl.engine.AbstractCamelContext   : Apache Camel 4.8.0 (camel-16) initialized in 51ms
2025-02-12T09:52:12.694-06:00  INFO 35244 --- [messageFlowProcessor] [restartedMain] o.a.c.impl.engine.AbstractCamelContext   : Apache Camel 4.8.0 (camel-16) is starting
2025-02-12T09:52:12.694-06:00 DEBUG 35244 --- [messageFlowProcessor] [restartedMain] o.a.c.impl.engine.AbstractCamelContext   : Using ClassResolver=org.apache.camel.impl.engine.DefaultClassResolver@e156e08, PackageScanClassResolver=org.apache.camel.spring.boot.FatJarPackageScanClassResolver@11fb22eb, ApplicationContextClassLoader=org.springframework.boot.devtools.restart.classloader.RestartClassLoader@49556e98, RouteController=org.apache.camel.impl.engine.DefaultRouteController@6c3bb3e8
2025-02-12T09:52:12.694-06:00 DEBUG 35244 --- [messageFlowProcessor] [restartedMain] o.a.c.impl.engine.AbstractCamelContext   : StreamCaching is disabled on CamelContext: camel-16
2025-02-12T09:52:12.697-06:00 DEBUG 35244 --- [messageFlowProcessor] [restartedMain] o.a.c.impl.engine.AbstractCamelContext   : Using HeadersMapFactory: org.apache.camel.impl.engine.DefaultHeadersMapFactory@53e267ab
2025-02-12T09:52:12.697-06:00 DEBUG 35244 --- [messageFlowProcessor] [restartedMain] o.a.c.impl.engine.AbstractCamelContext   : Using ReactiveExecutor: org.apache.camel.impl.engine.DefaultReactiveExecutor@762226f1
2025-02-12T09:52:12.697-06:00 DEBUG 35244 --- [messageFlowProcessor] [restartedMain] o.a.c.impl.engine.AbstractCamelContext   : Using ThreadPoolFactory: org.apache.camel.support.DefaultThreadPoolFactory@3e06aea4
2025-02-12T09:52:12.697-06:00 DEBUG 35244 --- [messageFlowProcessor] [restartedMain] o.a.c.impl.engine.AbstractCamelContext   : Using HealthCheck: camel-health
2025-02-12T09:52:12.697-06:00 DEBUG 35244 --- [messageFlowProcessor] [restartedMain] o.a.c.i.e.InternalRouteStartupManager    : Warming up route id: route168 having autoStartup=true
2025-02-12T09:52:12.697-06:00 DEBUG 35244 --- [messageFlowProcessor] [restartedMain] o.apache.camel.support.DefaultProducer   : Starting producer: Producer[activemq://transform.in]
2025-02-12T09:52:12.697-06:00 DEBUG 35244 --- [messageFlowProcessor] [restartedMain] o.apache.camel.support.DefaultProducer   : Starting producer: Producer[activemq://exit.in]
2025-02-12T09:52:12.697-06:00 DEBUG 35244 --- [messageFlowProcessor] [restartedMain] o.apache.camel.support.DefaultProducer   : Starting producer: Producer[activemq://outboud.in]
2025-02-12T09:52:12.697-06:00 DEBUG 35244 --- [messageFlowProcessor] [restartedMain] o.a.c.i.e.InternalRouteStartupManager    : Warming up route id: route169 having autoStartup=true
2025-02-12T09:52:12.698-06:00 DEBUG 35244 --- [messageFlowProcessor] [restartedMain] o.apache.camel.support.DefaultProducer   : Starting producer: Producer[activemq://outbound.in]
2025-02-12T09:52:12.698-06:00 DEBUG 35244 --- [messageFlowProcessor] [restartedMain] o.a.c.i.e.InternalRouteStartupManager    : Warming up route id: route170 having autoStartup=true
2025-02-12T09:52:12.698-06:00 DEBUG 35244 --- [messageFlowProcessor] [restartedMain] o.apache.camel.support.DefaultProducer   : Starting producer: Producer[activemq://entry.in]
2025-02-12T09:52:12.698-06:00 DEBUG 35244 --- [messageFlowProcessor] [restartedMain] o.apache.camel.support.DefaultProducer   : Starting producer: Producer[activemq://transform.in]
2025-02-12T09:52:12.698-06:00 DEBUG 35244 --- [messageFlowProcessor] [restartedMain] o.apache.camel.support.DefaultProducer   : Starting producer: Producer[activemq://exit.in]
2025-02-12T09:52:12.698-06:00 DEBUG 35244 --- [messageFlowProcessor] [restartedMain] o.apache.camel.support.DefaultProducer   : Starting producer: Producer[activemq://outboud.in]
2025-02-12T09:52:12.698-06:00 DEBUG 35244 --- [messageFlowProcessor] [restartedMain] o.a.c.i.e.InternalRouteStartupManager    : Warming up route id: route171 having autoStartup=true
2025-02-12T09:52:12.698-06:00 DEBUG 35244 --- [messageFlowProcessor] [restartedMain] o.apache.camel.support.DefaultProducer   : Starting producer: Producer[activemq://entry.in]
2025-02-12T09:52:12.698-06:00 DEBUG 35244 --- [messageFlowProcessor] [restartedMain] o.apache.camel.support.DefaultProducer   : Starting producer: Producer[activemq://transform.in]
2025-02-12T09:52:12.698-06:00 DEBUG 35244 --- [messageFlowProcessor] [restartedMain] o.apache.camel.support.DefaultProducer   : Starting producer: Producer[activemq://exit.in]
2025-02-12T09:52:12.698-06:00 DEBUG 35244 --- [messageFlowProcessor] [restartedMain] o.apache.camel.support.DefaultProducer   : Starting producer: Producer[activemq://outboud.in]
2025-02-12T09:52:12.698-06:00 DEBUG 35244 --- [messageFlowProcessor] [restartedMain] o.a.c.i.e.InternalRouteStartupManager    : Warming up route id: route172 having autoStartup=true
2025-02-12T09:52:12.698-06:00 DEBUG 35244 --- [messageFlowProcessor] [restartedMain] o.a.c.processor.SendDynamicProcessor     : DynamicSendTo toD31 using ProducerCache with cacheSize=0
2025-02-12T09:52:12.698-06:00 DEBUG 35244 --- [messageFlowProcessor] [restartedMain] o.a.c.i.e.InternalRouteStartupManager    : Warming up route id: route173 having autoStartup=true
2025-02-12T09:52:12.698-06:00 DEBUG 35244 --- [messageFlowProcessor] [restartedMain] o.a.c.processor.SendDynamicProcessor     : DynamicSendTo toD32 using ProducerCache with cacheSize=0
2025-02-12T09:52:12.699-06:00 DEBUG 35244 --- [messageFlowProcessor] [restartedMain] o.apache.camel.support.DefaultProducer   : Starting producer: Producer[activemq://exit.in]
2025-02-12T09:52:12.699-06:00 DEBUG 35244 --- [messageFlowProcessor] [restartedMain] o.apache.camel.support.DefaultProducer   : Starting producer: Producer[activemq://outboud.in]
2025-02-12T09:52:12.699-06:00 DEBUG 35244 --- [messageFlowProcessor] [restartedMain] o.a.c.i.e.InternalRouteStartupManager    : Warming up route id: route174 having autoStartup=true
2025-02-12T09:52:12.699-06:00 DEBUG 35244 --- [messageFlowProcessor] [restartedMain] o.apache.camel.support.DefaultProducer   : Starting producer: Producer[activemq://exit.in]
2025-02-12T09:52:12.699-06:00 DEBUG 35244 --- [messageFlowProcessor] [restartedMain] o.apache.camel.support.DefaultProducer   : Starting producer: Producer[activemq://outboud.in]
2025-02-12T09:52:12.699-06:00 DEBUG 35244 --- [messageFlowProcessor] [restartedMain] o.a.c.i.e.InternalRouteStartupManager    : Warming up route id: route175 having autoStartup=true
2025-02-12T09:52:12.699-06:00 DEBUG 35244 --- [messageFlowProcessor] [restartedMain] o.apache.camel.support.DefaultProducer   : Starting producer: Producer[activemq://exit.in]
2025-02-12T09:52:12.699-06:00 DEBUG 35244 --- [messageFlowProcessor] [restartedMain] o.apache.camel.support.DefaultProducer   : Starting producer: Producer[activemq://outboud.in]
2025-02-12T09:52:12.699-06:00 DEBUG 35244 --- [messageFlowProcessor] [restartedMain] o.a.c.i.e.InternalRouteStartupManager    : Warming up route id: route176 having autoStartup=true
2025-02-12T09:52:12.699-06:00 DEBUG 35244 --- [messageFlowProcessor] [restartedMain] o.apache.camel.support.DefaultProducer   : Starting producer: Producer[activemq://exit.in]
2025-02-12T09:52:12.700-06:00 DEBUG 35244 --- [messageFlowProcessor] [restartedMain] o.apache.camel.support.DefaultProducer   : Starting producer: Producer[activemq://outboud.in]
2025-02-12T09:52:12.700-06:00 DEBUG 35244 --- [messageFlowProcessor] [restartedMain] o.a.c.i.e.InternalRouteStartupManager    : Warming up route id: route177 having autoStartup=true
2025-02-12T09:52:12.700-06:00 DEBUG 35244 --- [messageFlowProcessor] [restartedMain] o.apache.camel.support.DefaultProducer   : Starting producer: Producer[activemq://exit.in]
2025-02-12T09:52:12.700-06:00 DEBUG 35244 --- [messageFlowProcessor] [restartedMain] o.apache.camel.support.DefaultProducer   : Starting producer: Producer[activemq://outboud.in]
2025-02-12T09:52:12.700-06:00 DEBUG 35244 --- [messageFlowProcessor] [restartedMain] o.a.c.i.e.InternalRouteStartupManager    : Warming up route id: route178 having autoStartup=true
2025-02-12T09:52:12.700-06:00 DEBUG 35244 --- [messageFlowProcessor] [restartedMain] o.apache.camel.support.DefaultProducer   : Starting producer: Producer[activemq://exit.in]
2025-02-12T09:52:12.700-06:00 DEBUG 35244 --- [messageFlowProcessor] [restartedMain] o.apache.camel.support.DefaultProducer   : Starting producer: Producer[activemq://outboud.in]
2025-02-12T09:52:12.700-06:00 DEBUG 35244 --- [messageFlowProcessor] [restartedMain] o.a.c.i.e.DefaultStreamCachingStrategy   : StreamCaching configuration DefaultStreamCachingStrategy[spoolDirectoryEnabled=false, spoolDirectory=null, spoolCipher=null, spoolThreshold=131072, spoolUsedHeapMemoryThreshold=0, bufferSize=0, anySpoolRules=false]
2025-02-12T09:52:12.700-06:00 DEBUG 35244 --- [messageFlowProcessor] [restartedMain] o.a.c.i.e.DefaultStreamCachingStrategy   : StreamCaching in use
2025-02-12T09:52:12.700-06:00 DEBUG 35244 --- [messageFlowProcessor] [restartedMain] o.a.c.i.e.InternalRouteStartupManager    : Route: route168 >>> Route[activemq://entry.in -> null]
2025-02-12T09:52:12.700-06:00 DEBUG 35244 --- [messageFlowProcessor] [restartedMain] o.a.c.i.e.InternalRouteStartupManager    : Starting consumer (order: 1000) on route: route168
2025-02-12T09:52:12.700-06:00 DEBUG 35244 --- [messageFlowProcessor] [restartedMain] o.apache.camel.support.DefaultConsumer   : Build consumer: Consumer[activemq://entry.in]
2025-02-12T09:52:12.700-06:00 DEBUG 35244 --- [messageFlowProcessor] [restartedMain] o.apache.camel.support.DefaultConsumer   : Init consumer: Consumer[activemq://entry.in]
2025-02-12T09:52:12.700-06:00 DEBUG 35244 --- [messageFlowProcessor] [restartedMain] o.apache.camel.support.DefaultConsumer   : Starting consumer: Consumer[activemq://entry.in]
2025-02-12T09:52:12.703-06:00 DEBUG 35244 --- [messageFlowProcessor] [restartedMain] c.c.j.DefaultJmsMessageListenerContainer : Established shared JMS Connection
2025-02-12T09:52:12.703-06:00 DEBUG 35244 --- [messageFlowProcessor] [restartedMain] c.c.j.DefaultJmsMessageListenerContainer : Resumed paused task: org.springframework.jms.listener.DefaultMessageListenerContainer$AsyncMessageListenerInvoker@6c92074f
2025-02-12T09:52:12.726-06:00 DEBUG 35244 --- [messageFlowProcessor] [restartedMain] o.a.camel.component.jms.JmsConsumer      : Started listener container org.apache.camel.component.jms.DefaultJmsMessageListenerContainer@394b8e99 on destination entry.in
2025-02-12T09:52:12.726-06:00 DEBUG 35244 --- [messageFlowProcessor] [restartedMain] o.a.c.i.e.InternalRouteStartupManager    : Route: route168 started and consuming from: activemq://entry.in
2025-02-12T09:52:12.726-06:00 DEBUG 35244 --- [messageFlowProcessor] [restartedMain] o.a.c.i.e.InternalRouteStartupManager    : Route: route169 >>> Route[activemq://exit.in -> null]
2025-02-12T09:52:12.726-06:00 DEBUG 35244 --- [messageFlowProcessor] [restartedMain] o.a.c.i.e.InternalRouteStartupManager    : Starting consumer (order: 1001) on route: route169
2025-02-12T09:52:12.726-06:00 DEBUG 35244 --- [messageFlowProcessor] [restartedMain] o.apache.camel.support.DefaultConsumer   : Build consumer: Consumer[activemq://exit.in]
2025-02-12T09:52:12.726-06:00 DEBUG 35244 --- [messageFlowProcessor] [restartedMain] o.apache.camel.support.DefaultConsumer   : Init consumer: Consumer[activemq://exit.in]
2025-02-12T09:52:12.726-06:00 DEBUG 35244 --- [messageFlowProcessor] [restartedMain] o.apache.camel.support.DefaultConsumer   : Starting consumer: Consumer[activemq://exit.in]
2025-02-12T09:52:12.726-06:00 DEBUG 35244 --- [messageFlowProcessor] [restartedMain] c.c.j.DefaultJmsMessageListenerContainer : Established shared JMS Connection
2025-02-12T09:52:12.726-06:00 DEBUG 35244 --- [messageFlowProcessor] [restartedMain] c.c.j.DefaultJmsMessageListenerContainer : Resumed paused task: org.springframework.jms.listener.DefaultMessageListenerContainer$AsyncMessageListenerInvoker@5f0cd49f
2025-02-12T09:52:12.726-06:00 DEBUG 35244 --- [messageFlowProcessor] [restartedMain] o.a.camel.component.jms.JmsConsumer      : Started listener container org.apache.camel.component.jms.DefaultJmsMessageListenerContainer@434c95d5 on destination exit.in
2025-02-12T09:52:12.726-06:00 DEBUG 35244 --- [messageFlowProcessor] [restartedMain] o.a.c.i.e.InternalRouteStartupManager    : Route: route169 started and consuming from: activemq://exit.in
2025-02-12T09:52:12.726-06:00 DEBUG 35244 --- [messageFlowProcessor] [restartedMain] o.a.c.i.e.InternalRouteStartupManager    : Route: route170 >>> Route[activemq://sc1.US.1.in -> null]
2025-02-12T09:52:12.726-06:00 DEBUG 35244 --- [messageFlowProcessor] [restartedMain] o.a.c.i.e.InternalRouteStartupManager    : Starting consumer (order: 1002) on route: route170
2025-02-12T09:52:12.726-06:00 DEBUG 35244 --- [messageFlowProcessor] [restartedMain] o.apache.camel.support.DefaultConsumer   : Build consumer: Consumer[activemq://sc1.US.1.in]
2025-02-12T09:52:12.726-06:00 DEBUG 35244 --- [messageFlowProcessor] [restartedMain] o.apache.camel.support.DefaultConsumer   : Init consumer: Consumer[activemq://sc1.US.1.in]
2025-02-12T09:52:12.726-06:00 DEBUG 35244 --- [messageFlowProcessor] [restartedMain] o.apache.camel.support.DefaultConsumer   : Starting consumer: Consumer[activemq://sc1.US.1.in]
2025-02-12T09:52:12.726-06:00 DEBUG 35244 --- [messageFlowProcessor] [restartedMain] c.c.j.DefaultJmsMessageListenerContainer : Established shared JMS Connection
2025-02-12T09:52:12.727-06:00 DEBUG 35244 --- [messageFlowProcessor] [restartedMain] c.c.j.DefaultJmsMessageListenerContainer : Resumed paused task: org.springframework.jms.listener.DefaultMessageListenerContainer$AsyncMessageListenerInvoker@2871e706
2025-02-12T09:52:12.727-06:00 DEBUG 35244 --- [messageFlowProcessor] [restartedMain] o.a.camel.component.jms.JmsConsumer      : Started listener container org.apache.camel.component.jms.DefaultJmsMessageListenerContainer@56dae5d0 on destination sc1.US.1.in
2025-02-12T09:52:12.727-06:00 DEBUG 35244 --- [messageFlowProcessor] [restartedMain] o.a.c.i.e.InternalRouteStartupManager    : Route: route170 started and consuming from: activemq://sc1.US.1.in
2025-02-12T09:52:12.727-06:00 DEBUG 35244 --- [messageFlowProcessor] [restartedMain] o.a.c.i.e.InternalRouteStartupManager    : Route: route171 >>> Route[activemq://sc2.MX.2.in -> null]
2025-02-12T09:52:12.727-06:00 DEBUG 35244 --- [messageFlowProcessor] [restartedMain] o.a.c.i.e.InternalRouteStartupManager    : Starting consumer (order: 1003) on route: route171
2025-02-12T09:52:12.727-06:00 DEBUG 35244 --- [messageFlowProcessor] [restartedMain] o.apache.camel.support.DefaultConsumer   : Build consumer: Consumer[activemq://sc2.MX.2.in]
2025-02-12T09:52:12.727-06:00 DEBUG 35244 --- [messageFlowProcessor] [restartedMain] o.apache.camel.support.DefaultConsumer   : Init consumer: Consumer[activemq://sc2.MX.2.in]
2025-02-12T09:52:12.727-06:00 DEBUG 35244 --- [messageFlowProcessor] [restartedMain] o.apache.camel.support.DefaultConsumer   : Starting consumer: Consumer[activemq://sc2.MX.2.in]
2025-02-12T09:52:12.727-06:00 DEBUG 35244 --- [messageFlowProcessor] [restartedMain] c.c.j.DefaultJmsMessageListenerContainer : Established shared JMS Connection
2025-02-12T09:52:12.727-06:00 DEBUG 35244 --- [messageFlowProcessor] [restartedMain] c.c.j.DefaultJmsMessageListenerContainer : Resumed paused task: org.springframework.jms.listener.DefaultMessageListenerContainer$AsyncMessageListenerInvoker@5a4fb723
2025-02-12T09:52:12.727-06:00 DEBUG 35244 --- [messageFlowProcessor] [restartedMain] o.a.camel.component.jms.JmsConsumer      : Started listener container org.apache.camel.component.jms.DefaultJmsMessageListenerContainer@6d3db42 on destination sc2.MX.2.in
2025-02-12T09:52:12.728-06:00 DEBUG 35244 --- [messageFlowProcessor] [restartedMain] o.a.c.i.e.InternalRouteStartupManager    : Route: route171 started and consuming from: activemq://sc2.MX.2.in
2025-02-12T09:52:12.728-06:00 DEBUG 35244 --- [messageFlowProcessor] [restartedMain] o.a.c.i.e.InternalRouteStartupManager    : Route: route172 >>> Route[activemq://outbound.in -> null]
2025-02-12T09:52:12.728-06:00 DEBUG 35244 --- [messageFlowProcessor] [restartedMain] o.a.c.i.e.InternalRouteStartupManager    : Starting consumer (order: 1004) on route: route172
2025-02-12T09:52:12.728-06:00 DEBUG 35244 --- [messageFlowProcessor] [restartedMain] o.apache.camel.support.DefaultConsumer   : Build consumer: Consumer[activemq://outbound.in]
2025-02-12T09:52:12.728-06:00 DEBUG 35244 --- [messageFlowProcessor] [restartedMain] o.apache.camel.support.DefaultConsumer   : Init consumer: Consumer[activemq://outbound.in]
2025-02-12T09:52:12.728-06:00 DEBUG 35244 --- [messageFlowProcessor] [restartedMain] o.apache.camel.support.DefaultConsumer   : Starting consumer: Consumer[activemq://outbound.in]
2025-02-12T09:52:12.728-06:00 DEBUG 35244 --- [messageFlowProcessor] [restartedMain] c.c.j.DefaultJmsMessageListenerContainer : Established shared JMS Connection
2025-02-12T09:52:12.729-06:00 DEBUG 35244 --- [messageFlowProcessor] [restartedMain] c.c.j.DefaultJmsMessageListenerContainer : Resumed paused task: org.springframework.jms.listener.DefaultMessageListenerContainer$AsyncMessageListenerInvoker@2cfc4b
2025-02-12T09:52:12.729-06:00 DEBUG 35244 --- [messageFlowProcessor] [restartedMain] o.a.camel.component.jms.JmsConsumer      : Started listener container org.apache.camel.component.jms.DefaultJmsMessageListenerContainer@5a950d15 on destination outbound.in
2025-02-12T09:52:12.729-06:00 DEBUG 35244 --- [messageFlowProcessor] [restartedMain] o.a.c.i.e.InternalRouteStartupManager    : Route: route172 started and consuming from: activemq://outbound.in
2025-02-12T09:52:12.730-06:00 DEBUG 35244 --- [messageFlowProcessor] [restartedMain] o.a.c.i.e.InternalRouteStartupManager    : Route: route173 >>> Route[activemq://transform.in -> null]
2025-02-12T09:52:12.730-06:00 DEBUG 35244 --- [messageFlowProcessor] [restartedMain] o.a.c.i.e.InternalRouteStartupManager    : Starting consumer (order: 1005) on route: route173
2025-02-12T09:52:12.730-06:00 DEBUG 35244 --- [messageFlowProcessor] [restartedMain] o.apache.camel.support.DefaultConsumer   : Build consumer: Consumer[activemq://transform.in]
2025-02-12T09:52:12.730-06:00 DEBUG 35244 --- [messageFlowProcessor] [restartedMain] o.apache.camel.support.DefaultConsumer   : Init consumer: Consumer[activemq://transform.in]
2025-02-12T09:52:12.730-06:00 DEBUG 35244 --- [messageFlowProcessor] [restartedMain] o.apache.camel.support.DefaultConsumer   : Starting consumer: Consumer[activemq://transform.in]
2025-02-12T09:52:12.730-06:00 DEBUG 35244 --- [messageFlowProcessor] [restartedMain] c.c.j.DefaultJmsMessageListenerContainer : Established shared JMS Connection
2025-02-12T09:52:12.730-06:00 DEBUG 35244 --- [messageFlowProcessor] [restartedMain] c.c.j.DefaultJmsMessageListenerContainer : Resumed paused task: org.springframework.jms.listener.DefaultMessageListenerContainer$AsyncMessageListenerInvoker@35ce710d
2025-02-12T09:52:12.730-06:00 DEBUG 35244 --- [messageFlowProcessor] [restartedMain] o.a.camel.component.jms.JmsConsumer      : Started listener container org.apache.camel.component.jms.DefaultJmsMessageListenerContainer@3a9a6000 on destination transform.in
2025-02-12T09:52:12.730-06:00 DEBUG 35244 --- [messageFlowProcessor] [restartedMain] o.a.c.i.e.InternalRouteStartupManager    : Route: route173 started and consuming from: activemq://transform.in
2025-02-12T09:52:12.730-06:00 DEBUG 35244 --- [messageFlowProcessor] [restartedMain] o.a.c.i.e.InternalRouteStartupManager    : Route: route174 >>> Route[activemq://actionFigureToysProcessFlow.in -> null]
2025-02-12T09:52:12.731-06:00 DEBUG 35244 --- [messageFlowProcessor] [restartedMain] o.a.c.i.e.InternalRouteStartupManager    : Starting consumer (order: 1006) on route: route174
2025-02-12T09:52:12.731-06:00 DEBUG 35244 --- [messageFlowProcessor] [restartedMain] o.apache.camel.support.DefaultConsumer   : Build consumer: Consumer[activemq://actionFigureToysProcessFlow.in]
2025-02-12T09:52:12.731-06:00 DEBUG 35244 --- [messageFlowProcessor] [restartedMain] o.apache.camel.support.DefaultConsumer   : Init consumer: Consumer[activemq://actionFigureToysProcessFlow.in]
2025-02-12T09:52:12.731-06:00 DEBUG 35244 --- [messageFlowProcessor] [restartedMain] o.apache.camel.support.DefaultConsumer   : Starting consumer: Consumer[activemq://actionFigureToysProcessFlow.in]
2025-02-12T09:52:12.731-06:00 DEBUG 35244 --- [messageFlowProcessor] [restartedMain] c.c.j.DefaultJmsMessageListenerContainer : Established shared JMS Connection
2025-02-12T09:52:12.731-06:00 DEBUG 35244 --- [messageFlowProcessor] [restartedMain] c.c.j.DefaultJmsMessageListenerContainer : Resumed paused task: org.springframework.jms.listener.DefaultMessageListenerContainer$AsyncMessageListenerInvoker@66229a6e
2025-02-12T09:52:12.731-06:00 DEBUG 35244 --- [messageFlowProcessor] [restartedMain] o.a.camel.component.jms.JmsConsumer      : Started listener container org.apache.camel.component.jms.DefaultJmsMessageListenerContainer@453dbd52 on destination actionFigureToysProcessFlow.in
2025-02-12T09:52:12.731-06:00 DEBUG 35244 --- [messageFlowProcessor] [restartedMain] o.a.c.i.e.InternalRouteStartupManager    : Route: route174 started and consuming from: activemq://actionFigureToysProcessFlow.in
2025-02-12T09:52:12.731-06:00 DEBUG 35244 --- [messageFlowProcessor] [restartedMain] o.a.c.i.e.InternalRouteStartupManager    : Route: route175 >>> Route[activemq://groceriesProcessFlow.in -> null]
2025-02-12T09:52:12.731-06:00 DEBUG 35244 --- [messageFlowProcessor] [restartedMain] o.a.c.i.e.InternalRouteStartupManager    : Starting consumer (order: 1007) on route: route175
2025-02-12T09:52:12.731-06:00 DEBUG 35244 --- [messageFlowProcessor] [restartedMain] o.apache.camel.support.DefaultConsumer   : Build consumer: Consumer[activemq://groceriesProcessFlow.in]
2025-02-12T09:52:12.731-06:00 DEBUG 35244 --- [messageFlowProcessor] [restartedMain] o.apache.camel.support.DefaultConsumer   : Init consumer: Consumer[activemq://groceriesProcessFlow.in]
2025-02-12T09:52:12.732-06:00 DEBUG 35244 --- [messageFlowProcessor] [restartedMain] o.apache.camel.support.DefaultConsumer   : Starting consumer: Consumer[activemq://groceriesProcessFlow.in]
2025-02-12T09:52:12.732-06:00 DEBUG 35244 --- [messageFlowProcessor] [restartedMain] c.c.j.DefaultJmsMessageListenerContainer : Established shared JMS Connection
2025-02-12T09:52:12.732-06:00 DEBUG 35244 --- [messageFlowProcessor] [restartedMain] c.c.j.DefaultJmsMessageListenerContainer : Resumed paused task: org.springframework.jms.listener.DefaultMessageListenerContainer$AsyncMessageListenerInvoker@4b002b66
2025-02-12T09:52:12.732-06:00 DEBUG 35244 --- [messageFlowProcessor] [restartedMain] o.a.camel.component.jms.JmsConsumer      : Started listener container org.apache.camel.component.jms.DefaultJmsMessageListenerContainer@416f5a63 on destination groceriesProcessFlow.in
2025-02-12T09:52:12.732-06:00 DEBUG 35244 --- [messageFlowProcessor] [restartedMain] o.a.c.i.e.InternalRouteStartupManager    : Route: route175 started and consuming from: activemq://groceriesProcessFlow.in
2025-02-12T09:52:12.733-06:00 DEBUG 35244 --- [messageFlowProcessor] [restartedMain] o.a.c.i.e.InternalRouteStartupManager    : Route: route176 >>> Route[activemq://jewelryProcessFlow.in -> null]
2025-02-12T09:52:12.733-06:00 DEBUG 35244 --- [messageFlowProcessor] [restartedMain] o.a.c.i.e.InternalRouteStartupManager    : Starting consumer (order: 1008) on route: route176
2025-02-12T09:52:12.733-06:00 DEBUG 35244 --- [messageFlowProcessor] [restartedMain] o.apache.camel.support.DefaultConsumer   : Build consumer: Consumer[activemq://jewelryProcessFlow.in]
2025-02-12T09:52:12.733-06:00 DEBUG 35244 --- [messageFlowProcessor] [restartedMain] o.apache.camel.support.DefaultConsumer   : Init consumer: Consumer[activemq://jewelryProcessFlow.in]
2025-02-12T09:52:12.733-06:00 DEBUG 35244 --- [messageFlowProcessor] [restartedMain] o.apache.camel.support.DefaultConsumer   : Starting consumer: Consumer[activemq://jewelryProcessFlow.in]
2025-02-12T09:52:12.733-06:00 DEBUG 35244 --- [messageFlowProcessor] [restartedMain] c.c.j.DefaultJmsMessageListenerContainer : Established shared JMS Connection
2025-02-12T09:52:12.734-06:00 DEBUG 35244 --- [messageFlowProcessor] [restartedMain] c.c.j.DefaultJmsMessageListenerContainer : Resumed paused task: org.springframework.jms.listener.DefaultMessageListenerContainer$AsyncMessageListenerInvoker@67d34568
2025-02-12T09:52:12.734-06:00 DEBUG 35244 --- [messageFlowProcessor] [restartedMain] o.a.camel.component.jms.JmsConsumer      : Started listener container org.apache.camel.component.jms.DefaultJmsMessageListenerContainer@7ef9e315 on destination jewelryProcessFlow.in
2025-02-12T09:52:12.734-06:00 DEBUG 35244 --- [messageFlowProcessor] [restartedMain] o.a.c.i.e.InternalRouteStartupManager    : Route: route176 started and consuming from: activemq://jewelryProcessFlow.in
2025-02-12T09:52:12.734-06:00 DEBUG 35244 --- [messageFlowProcessor] [restartedMain] o.a.c.i.e.InternalRouteStartupManager    : Route: route177 >>> Route[activemq://kidsToysProcessFlow.in -> null]
2025-02-12T09:52:12.734-06:00 DEBUG 35244 --- [messageFlowProcessor] [restartedMain] o.a.c.i.e.InternalRouteStartupManager    : Starting consumer (order: 1009) on route: route177
2025-02-12T09:52:12.734-06:00 DEBUG 35244 --- [messageFlowProcessor] [restartedMain] o.apache.camel.support.DefaultConsumer   : Build consumer: Consumer[activemq://kidsToysProcessFlow.in]
2025-02-12T09:52:12.734-06:00 DEBUG 35244 --- [messageFlowProcessor] [restartedMain] o.apache.camel.support.DefaultConsumer   : Init consumer: Consumer[activemq://kidsToysProcessFlow.in]
2025-02-12T09:52:12.734-06:00 DEBUG 35244 --- [messageFlowProcessor] [restartedMain] o.apache.camel.support.DefaultConsumer   : Starting consumer: Consumer[activemq://kidsToysProcessFlow.in]
2025-02-12T09:52:12.734-06:00 DEBUG 35244 --- [messageFlowProcessor] [restartedMain] c.c.j.DefaultJmsMessageListenerContainer : Established shared JMS Connection
2025-02-12T09:52:12.734-06:00 DEBUG 35244 --- [messageFlowProcessor] [restartedMain] c.c.j.DefaultJmsMessageListenerContainer : Resumed paused task: org.springframework.jms.listener.DefaultMessageListenerContainer$AsyncMessageListenerInvoker@23e2cfe6
2025-02-12T09:52:12.734-06:00 DEBUG 35244 --- [messageFlowProcessor] [restartedMain] o.a.camel.component.jms.JmsConsumer      : Started listener container org.apache.camel.component.jms.DefaultJmsMessageListenerContainer@50f51671 on destination kidsToysProcessFlow.in
2025-02-12T09:52:12.734-06:00 DEBUG 35244 --- [messageFlowProcessor] [restartedMain] o.a.c.i.e.InternalRouteStartupManager    : Route: route177 started and consuming from: activemq://kidsToysProcessFlow.in
2025-02-12T09:52:12.734-06:00 DEBUG 35244 --- [messageFlowProcessor] [restartedMain] o.a.c.i.e.InternalRouteStartupManager    : Route: route178 >>> Route[activemq://shoeProcessFlow.in -> null]
2025-02-12T09:52:12.734-06:00 DEBUG 35244 --- [messageFlowProcessor] [restartedMain] o.a.c.i.e.InternalRouteStartupManager    : Starting consumer (order: 1010) on route: route178
2025-02-12T09:52:12.734-06:00 DEBUG 35244 --- [messageFlowProcessor] [restartedMain] o.apache.camel.support.DefaultConsumer   : Build consumer: Consumer[activemq://shoeProcessFlow.in]
2025-02-12T09:52:12.734-06:00 DEBUG 35244 --- [messageFlowProcessor] [restartedMain] o.apache.camel.support.DefaultConsumer   : Init consumer: Consumer[activemq://shoeProcessFlow.in]
2025-02-12T09:52:12.734-06:00 DEBUG 35244 --- [messageFlowProcessor] [restartedMain] o.apache.camel.support.DefaultConsumer   : Starting consumer: Consumer[activemq://shoeProcessFlow.in]
2025-02-12T09:52:12.736-06:00 DEBUG 35244 --- [messageFlowProcessor] [restartedMain] c.c.j.DefaultJmsMessageListenerContainer : Established shared JMS Connection
2025-02-12T09:52:12.736-06:00 DEBUG 35244 --- [messageFlowProcessor] [restartedMain] c.c.j.DefaultJmsMessageListenerContainer : Resumed paused task: org.springframework.jms.listener.DefaultMessageListenerContainer$AsyncMessageListenerInvoker@49427ed5
2025-02-12T09:52:12.736-06:00 DEBUG 35244 --- [messageFlowProcessor] [restartedMain] o.a.camel.component.jms.JmsConsumer      : Started listener container org.apache.camel.component.jms.DefaultJmsMessageListenerContainer@33972506 on destination shoeProcessFlow.in
2025-02-12T09:52:12.736-06:00 DEBUG 35244 --- [messageFlowProcessor] [restartedMain] o.a.c.i.e.InternalRouteStartupManager    : Route: route178 started and consuming from: activemq://shoeProcessFlow.in
2025-02-12T09:52:12.736-06:00 DEBUG 35244 --- [messageFlowProcessor] [restartedMain] o.a.c.impl.engine.AbstractCamelContext   : Clearing BeanIntrospection cache with 4 objects using during starting Camel
2025-02-12T09:52:12.736-06:00 DEBUG 35244 --- [messageFlowProcessor] [restartedMain] o.a.c.impl.engine.AbstractCamelContext   : BeanIntrospection invoked 32 times during starting Camel
2025-02-12T09:52:12.736-06:00  INFO 35244 --- [messageFlowProcessor] [restartedMain] o.a.c.impl.engine.AbstractCamelContext   : Routes startup (total:11)
2025-02-12T09:52:12.736-06:00  INFO 35244 --- [messageFlowProcessor] [restartedMain] o.a.c.impl.engine.AbstractCamelContext   :     Started route168 (activemq://entry.in)
2025-02-12T09:52:12.736-06:00  INFO 35244 --- [messageFlowProcessor] [restartedMain] o.a.c.impl.engine.AbstractCamelContext   :     Started route169 (activemq://exit.in)
2025-02-12T09:52:12.736-06:00  INFO 35244 --- [messageFlowProcessor] [restartedMain] o.a.c.impl.engine.AbstractCamelContext   :     Started route170 (activemq://sc1.US.1.in)
2025-02-12T09:52:12.736-06:00  INFO 35244 --- [messageFlowProcessor] [restartedMain] o.a.c.impl.engine.AbstractCamelContext   :     Started route171 (activemq://sc2.MX.2.in)
2025-02-12T09:52:12.736-06:00  INFO 35244 --- [messageFlowProcessor] [restartedMain] o.a.c.impl.engine.AbstractCamelContext   :     Started route172 (activemq://outbound.in)
2025-02-12T09:52:12.736-06:00  INFO 35244 --- [messageFlowProcessor] [restartedMain] o.a.c.impl.engine.AbstractCamelContext   :     Started route173 (activemq://transform.in)
2025-02-12T09:52:12.736-06:00  INFO 35244 --- [messageFlowProcessor] [restartedMain] o.a.c.impl.engine.AbstractCamelContext   :     Started route174 (activemq://actionFigureToysProcessFlow.in)
2025-02-12T09:52:12.736-06:00  INFO 35244 --- [messageFlowProcessor] [restartedMain] o.a.c.impl.engine.AbstractCamelContext   :     Started route175 (activemq://groceriesProcessFlow.in)
2025-02-12T09:52:12.736-06:00  INFO 35244 --- [messageFlowProcessor] [restartedMain] o.a.c.impl.engine.AbstractCamelContext   :     Started route176 (activemq://jewelryProcessFlow.in)
2025-02-12T09:52:12.736-06:00  INFO 35244 --- [messageFlowProcessor] [restartedMain] o.a.c.impl.engine.AbstractCamelContext   :     Started route177 (activemq://kidsToysProcessFlow.in)
2025-02-12T09:52:12.736-06:00  INFO 35244 --- [messageFlowProcessor] [restartedMain] o.a.c.impl.engine.AbstractCamelContext   :     Started route178 (activemq://shoeProcessFlow.in)
2025-02-12T09:52:12.736-06:00  INFO 35244 --- [messageFlowProcessor] [restartedMain] o.a.c.impl.engine.AbstractCamelContext   : Apache Camel 4.8.0 (camel-16) started in 100ms (build:7ms init:51ms start:42ms)
2025-02-12T09:52:12.737-06:00 DEBUG 35244 --- [messageFlowProcessor] [restartedMain] o.apache.camel.impl.DefaultCamelContext  : start() took 94 millis
2025-02-12T09:52:12.738-06:00  INFO 35244 --- [messageFlowProcessor] [restartedMain] c.e.m.MessageFlowProcessorApplication    : Started MessageFlowProcessorApplication in 0.784 seconds (process running for 119079.946)
2025-02-12T09:52:12.738-06:00 DEBUG 35244 --- [messageFlowProcessor] [restartedMain] o.a.camel.spring.SpringCamelContext      : onApplicationEvent: org.springframework.boot.context.event.ApplicationStartedEvent[source=org.springframework.boot.SpringApplication@979cef1]
2025-02-12T09:52:12.738-06:00 DEBUG 35244 --- [messageFlowProcessor] [restartedMain] o.a.camel.spring.SpringCamelContext      : onApplicationEvent: org.springframework.boot.availability.AvailabilityChangeEvent[source=org.springframework.boot.web.servlet.context.AnnotationConfigServletWebServerApplicationContext@15be54e3, started on Wed Feb 12 09:52:11 CST 2025]
2025-02-12T09:52:12.738-06:00 DEBUG 35244 --- [messageFlowProcessor] [restartedMain] o.a.camel.spring.SpringCamelContext      : onApplicationEvent: org.springframework.boot.context.event.ApplicationReadyEvent[source=org.springframework.boot.SpringApplication@979cef1]
2025-02-12T09:52:12.739-06:00  INFO 35244 --- [messageFlowProcessor] [restartedMain] .ConditionEvaluationDeltaLoggingListener : Condition evaluation unchanged
2025-02-12T09:52:12.739-06:00 DEBUG 35244 --- [messageFlowProcessor] [restartedMain] o.a.camel.spring.SpringCamelContext      : onApplicationEvent: org.springframework.boot.availability.AvailabilityChangeEvent[source=org.springframework.boot.web.servlet.context.AnnotationConfigServletWebServerApplicationContext@15be54e3, started on Wed Feb 12 09:52:11 CST 2025]
